[
  {
    "build_info": {
      "build_time": "2025-07-15T02:49:32.060133",
      "output_path": "I:/Workspace/FMM_Creator_App/output\\2B Outfir MOD-test-20250715_0249.zip",
      "temp_dir": "I:\\Workspace\\FMM_Creator_App\\app\\.cache\\2B Outfir MOD-test-20250715_0249",
      "cache_dir": "I:\\Workspace\\FMM_Creator_App\\app\\.cache"
    },
    "mod_info": {
      "name": "2B Outfir MOD-test1",
      "version": "1.0.0",
      "author": "Arjun520",
      "category": "Clothing"
    },
    "cover_block": {
      "image_path": "I:/Workspace/YoRHa No.2 Type B Uniform - Modular_CN/FMM-YoRHa_Unofficial_Ceremonial_Attire-Modular-CN_EN/FMM-YoRHa_Unofficial_Ceremonial_Attire-Modular-CN_EN/YoRhA-UCA-Modular -0- 2- basic files -0/basic_files.jpg",
      "description": "1",
      "cover_tag": "1",
      "type": "cover"
    },
    "content_blocks": [
      {
        "type": "mod_file",
        "area_mark": "1",
        "module_name": "1",
        "image_path": "I:/Workspace/YoRHa No.2 Type B Uniform - Modular_CN/FMM-YoRHa_Unofficial_Ceremonial_Attire-Modular-CN_EN/FMM-YoRHa_Unofficial_Ceremonial_Attire-Modular-CN_EN/YoRhA-UCA-Modular -0- 2- basic files -0/basic_files.jpg",
        "description": "1",
        "files": [
          {
            "file_path": "I:/Workspace/YoRHa No.2 Type B Uniform - Modular_CN/FMM-YoRHa_Unofficial_Ceremonial_Attire-Modular-CN_EN/FMM-YoRHa_Unofficial_Ceremonial_Attire-Modular-CN_EN/YoRhA-UCA-Modular -0- 2- basic files -0/Nier_03_Modular_Main_P.pak",
            "file_name": "Nier_03_Modular_Main_P.pak"
          },
          {
            "file_path": "I:/Workspace/YoRHa No.2 Type B Uniform - Modular_CN/FMM-YoRHa_Unofficial_Ceremonial_Attire-Modular-CN_EN/FMM-YoRHa_Unofficial_Ceremonial_Attire-Modular-CN_EN/YoRhA-UCA-Modular -0- 2- basic files -0/Nier_03_Modular_Main_P.ucas",
            "file_name": "Nier_03_Modular_Main_P.ucas"
          },
          {
            "file_path": "I:/Workspace/YoRHa No.2 Type B Uniform - Modular_CN/FMM-YoRHa_Unofficial_Ceremonial_Attire-Modular-CN_EN/FMM-YoRHa_Unofficial_Ceremonial_Attire-Modular-CN_EN/YoRhA-UCA-Modular -0- 2- basic files -0/Nier_03_Modular_Main_P.utoc",
            "file_name": "Nier_03_Modular_Main_P.utoc"
          },
          {
            "file_path": "I:/Workspace/YoRHa No.2 Type B Uniform - Modular_CN/FMM-YoRHa_Unofficial_Ceremonial_Attire-Modular-CN_EN/FMM-YoRHa_Unofficial_Ceremonial_Attire-Modular-CN_EN/YoRhA-UCA-Modular -0- 2- basic files -0/Nier_03_Modular_Materials_P.pak",
            "file_name": "Nier_03_Modular_Materials_P.pak"
          },
          {
            "file_path": "I:/Workspace/YoRHa No.2 Type B Uniform - Modular_CN/FMM-YoRHa_Unofficial_Ceremonial_Attire-Modular-CN_EN/FMM-YoRHa_Unofficial_Ceremonial_Attire-Modular-CN_EN/YoRhA-UCA-Modular -0- 2- basic files -0/Nier_03_Modular_Materials_P.ucas",
            "file_name": "Nier_03_Modular_Materials_P.ucas"
          },
          {
            "file_path": "I:/Workspace/YoRHa No.2 Type B Uniform - Modular_CN/FMM-YoRHa_Unofficial_Ceremonial_Attire-Modular-CN_EN/FMM-YoRHa_Unofficial_Ceremonial_Attire-Modular-CN_EN/YoRhA-UCA-Modular -0- 2- basic files -0/Nier_03_Modular_Materials_P.utoc",
            "file_name": "Nier_03_Modular_Materials_P.utoc"
          }
        ],
        "folder_path": ""
      }
    ],
    "block_order": [
      "cover_1",
      "mod_file_1"
    ]
  },
  {
    "build_info": {
      "build_time": "2025-07-15T14:01:58.485084",
      "output_path": "I:/Workspace/FMM_Creator_App/output\\2B Outfir MOD-release-20250715_1401.zip",
      "temp_dir": "I:\\Workspace\\FMM_Creator_App\\app\\.cache\\2B Outfir MOD-release-20250715_1401",
      "cache_dir": "I:\\Workspace\\FMM_Creator_App\\app\\.cache"
    },
    "mod_info": {
      "name": "2B Outfir MOD-release",
      "version": "1.0.0",
      "author": "Arjun520",
      "category": "Clothing"
    },
    "cover_block": {
      "image_path": "I:/Workspace/YoRHa No.2 Type B Uniform - Modular_CN/FMM-YoRHa_No.2_Type_B_Uniform-Modular-EN_CN/FMM-2B_Uniform-Modular-EN_CN/2B_Uniform-Modular -0- 0- Cover -0/0_cover.jpg",
      "description": "cover",
      "cover_tag": "1",
      "type": "cover"
    },
    "content_blocks": [
      {
        "type": "warning",
        "block_tag": "1",
        "image_path": "I:/Workspace/YoRHa No.2 Type B Uniform - Modular_CN/FMM-YoRHa_No.2_Type_B_Uniform-Modular-EN_CN/FMM-2B_Uniform-Modular-EN_CN/2B_Uniform-Modular -0- 1- Warning -0/0_cover.jpg",
        "description": "warning"
      },
      {
        "type": "separator",
        "separator_name": "base files"
      },
      {
        "type": "mod_file",
        "area_mark": "base files",
        "module_name": "base files",
        "image_path": "I:/Workspace/YoRHa No.2 Type B Uniform - Modular_CN/FMM-YoRHa_No.2_Type_B_Uniform-Modular-EN_CN/FMM-2B_Uniform-Modular-EN_CN/2B_Uniform-Modular -0- 2- basic files -0/basic_files.jpg",
        "description": "base files",
        "files": [
          {
            "file_path": "I:/Workspace/YoRHa No.2 Type B Uniform - Modular_CN/FMM-YoRHa_No.2_Type_B_Uniform-Modular-EN_CN/FMM-2B_Uniform-Modular-EN_CN/2B_Uniform-Modular -0- 2- basic files -0/Nier_01_Modular_Main_P.pak",
            "file_name": "Nier_01_Modular_Main_P.pak"
          },
          {
            "file_path": "I:/Workspace/YoRHa No.2 Type B Uniform - Modular_CN/FMM-YoRHa_No.2_Type_B_Uniform-Modular-EN_CN/FMM-2B_Uniform-Modular-EN_CN/2B_Uniform-Modular -0- 2- basic files -0/Nier_01_Modular_Main_P.ucas",
            "file_name": "Nier_01_Modular_Main_P.ucas"
          },
          {
            "file_path": "I:/Workspace/YoRHa No.2 Type B Uniform - Modular_CN/FMM-YoRHa_No.2_Type_B_Uniform-Modular-EN_CN/FMM-2B_Uniform-Modular-EN_CN/2B_Uniform-Modular -0- 2- basic files -0/Nier_01_Modular_Main_P.utoc",
            "file_name": "Nier_01_Modular_Main_P.utoc"
          },
          {
            "file_path": "I:/Workspace/YoRHa No.2 Type B Uniform - Modular_CN/FMM-YoRHa_No.2_Type_B_Uniform-Modular-EN_CN/FMM-2B_Uniform-Modular-EN_CN/2B_Uniform-Modular -0- 2- basic files -0/Nier_01_Modular_Materials_P.pak",
            "file_name": "Nier_01_Modular_Materials_P.pak"
          },
          {
            "file_path": "I:/Workspace/YoRHa No.2 Type B Uniform - Modular_CN/FMM-YoRHa_No.2_Type_B_Uniform-Modular-EN_CN/FMM-2B_Uniform-Modular-EN_CN/2B_Uniform-Modular -0- 2- basic files -0/Nier_01_Modular_Materials_P.ucas",
            "file_name": "Nier_01_Modular_Materials_P.ucas"
          },
          {
            "file_path": "I:/Workspace/YoRHa No.2 Type B Uniform - Modular_CN/FMM-YoRHa_No.2_Type_B_Uniform-Modular-EN_CN/FMM-2B_Uniform-Modular-EN_CN/2B_Uniform-Modular -0- 2- basic files -0/Nier_01_Modular_Materials_P.utoc",
            "file_name": "Nier_01_Modular_Materials_P.utoc"
          }
        ],
        "folder_path": ""
      },
      {
        "type": "separator",
        "separator_name": "Chest"
      },
      {
        "type": "mod_file",
        "area_mark": "ChestTransparent",
        "module_name": "ChestTransparent",
        "image_path": "I:/Workspace/YoRHa No.2 Type B Uniform - Modular_CN/FMM-YoRHa_No.2_Type_B_Uniform-Modular-EN_CN/FMM-2B_Uniform-Modular-EN_CN/2B_Uniform-Modular -02-01-ChestTransparent/1_ChestTransparent.jpg",
        "description": "ChestTransparent",
        "files": [
          {
            "file_path": "I:/Workspace/YoRHa No.2 Type B Uniform - Modular_CN/FMM-YoRHa_No.2_Type_B_Uniform-Modular-EN_CN/FMM-2B_Uniform-Modular-EN_CN/2B_Uniform-Modular -02-01-ChestTransparent/胸衣-半透明_ChestTransparent/Addon_Nier_01_ChestTransparent_P.pak",
            "file_name": "Addon_Nier_01_ChestTransparent_P.pak"
          },
          {
            "file_path": "I:/Workspace/YoRHa No.2 Type B Uniform - Modular_CN/FMM-YoRHa_No.2_Type_B_Uniform-Modular-EN_CN/FMM-2B_Uniform-Modular-EN_CN/2B_Uniform-Modular -02-01-ChestTransparent/胸衣-半透明_ChestTransparent/Addon_Nier_01_ChestTransparent_P.ucas",
            "file_name": "Addon_Nier_01_ChestTransparent_P.ucas"
          },
          {
            "file_path": "I:/Workspace/YoRHa No.2 Type B Uniform - Modular_CN/FMM-YoRHa_No.2_Type_B_Uniform-Modular-EN_CN/FMM-2B_Uniform-Modular-EN_CN/2B_Uniform-Modular -02-01-ChestTransparent/胸衣-半透明_ChestTransparent/Addon_Nier_01_ChestTransparent_P.utoc",
            "file_name": "Addon_Nier_01_ChestTransparent_P.utoc"
          }
        ],
        "folder_path": ""
      },
      {
        "type": "mod_file",
        "area_mark": "ChestHide",
        "module_name": "ChestHide",
        "image_path": "I:/Workspace/YoRHa No.2 Type B Uniform - Modular_CN/FMM-YoRHa_No.2_Type_B_Uniform-Modular-EN_CN/FMM-2B_Uniform-Modular-EN_CN/2B_Uniform-Modular -02-02-HideChest/1_HideChest.jpg",
        "description": "ChestHide",
        "files": [
          {
            "file_path": "I:/Workspace/YoRHa No.2 Type B Uniform - Modular_CN/FMM-YoRHa_No.2_Type_B_Uniform-Modular-EN_CN/FMM-2B_Uniform-Modular-EN_CN/2B_Uniform-Modular -02-02-HideChest/胸衣-隐藏_HideChest/Addon_Nier_01_HideChest_P.pak",
            "file_name": "Addon_Nier_01_HideChest_P.pak"
          },
          {
            "file_path": "I:/Workspace/YoRHa No.2 Type B Uniform - Modular_CN/FMM-YoRHa_No.2_Type_B_Uniform-Modular-EN_CN/FMM-2B_Uniform-Modular-EN_CN/2B_Uniform-Modular -02-02-HideChest/胸衣-隐藏_HideChest/Addon_Nier_01_HideChest_P.ucas",
            "file_name": "Addon_Nier_01_HideChest_P.ucas"
          },
          {
            "file_path": "I:/Workspace/YoRHa No.2 Type B Uniform - Modular_CN/FMM-YoRHa_No.2_Type_B_Uniform-Modular-EN_CN/FMM-2B_Uniform-Modular-EN_CN/2B_Uniform-Modular -02-02-HideChest/胸衣-隐藏_HideChest/Addon_Nier_01_HideChest_P.utoc",
            "file_name": "Addon_Nier_01_HideChest_P.utoc"
          }
        ],
        "folder_path": ""
      }
    ],
    "block_order": [
      "cover_1",
      "warning_1",
      "separator_base files",
      "mod_file_base files",
      "separator_Chest",
      "mod_file_ChestTransparent",
      "mod_file_ChestHide"
    ]
  },
  {
    "build_info": {
      "build_time": "2025-07-15T14:01:58.485084",
      "output_path": "I:/Workspace/FMM_Creator_App/output\\2B Outfir MOD-release-20250715_1401.zip",
      "temp_dir": "I:\\Workspace\\FMM_Creator_App\\app\\.cache\\2B Outfir MOD-release-20250715_1401",
      "cache_dir": "I:\\Workspace\\FMM_Creator_App\\app\\.cache"
    },
    "mod_info": {
      "name": "2B Outfir MOD-release",
      "version": "1.0.0",
      "author": "Arjun520",
      "category": "Clothing"
    },
    "cover_block": {
      "image_path": "I:/Workspace/YoRHa No.2 Type B Uniform - Modular_CN/FMM-YoRHa_No.2_Type_B_Uniform-Modular-EN_CN/FMM-2B_Uniform-Modular-EN_CN/2B_Uniform-Modular -0- 0- Cover -0/0_cover.jpg",
      "description": "cover",
      "cover_tag": "1",
      "type": "cover"
    },
    "content_blocks": [
      {
        "type": "warning",
        "block_tag": "1",
        "image_path": "I:/Workspace/YoRHa No.2 Type B Uniform - Modular_CN/FMM-YoRHa_No.2_Type_B_Uniform-Modular-EN_CN/FMM-2B_Uniform-Modular-EN_CN/2B_Uniform-Modular -0- 1- Warning -0/0_cover.jpg",
        "description": "warning"
      },
      {
        "type": "separator",
        "separator_name": "base files"
      },
      {
        "type": "mod_file",
        "area_mark": "base files",
        "module_name": "base files",
        "image_path": "I:/Workspace/YoRHa No.2 Type B Uniform - Modular_CN/FMM-YoRHa_No.2_Type_B_Uniform-Modular-EN_CN/FMM-2B_Uniform-Modular-EN_CN/2B_Uniform-Modular -0- 2- basic files -0/basic_files.jpg",
        "description": "base files",
        "files": [
          {
            "file_path": "I:/Workspace/YoRHa No.2 Type B Uniform - Modular_CN/FMM-YoRHa_No.2_Type_B_Uniform-Modular-EN_CN/FMM-2B_Uniform-Modular-EN_CN/2B_Uniform-Modular -0- 2- basic files -0/Nier_01_Modular_Main_P.pak",
            "file_name": "Nier_01_Modular_Main_P.pak"
          },
          {
            "file_path": "I:/Workspace/YoRHa No.2 Type B Uniform - Modular_CN/FMM-YoRHa_No.2_Type_B_Uniform-Modular-EN_CN/FMM-2B_Uniform-Modular-EN_CN/2B_Uniform-Modular -0- 2- basic files -0/Nier_01_Modular_Main_P.ucas",
            "file_name": "Nier_01_Modular_Main_P.ucas"
          },
          {
            "file_path": "I:/Workspace/YoRHa No.2 Type B Uniform - Modular_CN/FMM-YoRHa_No.2_Type_B_Uniform-Modular-EN_CN/FMM-2B_Uniform-Modular-EN_CN/2B_Uniform-Modular -0- 2- basic files -0/Nier_01_Modular_Main_P.utoc",
            "file_name": "Nier_01_Modular_Main_P.utoc"
          },
          {
            "file_path": "I:/Workspace/YoRHa No.2 Type B Uniform - Modular_CN/FMM-YoRHa_No.2_Type_B_Uniform-Modular-EN_CN/FMM-2B_Uniform-Modular-EN_CN/2B_Uniform-Modular -0- 2- basic files -0/Nier_01_Modular_Materials_P.pak",
            "file_name": "Nier_01_Modular_Materials_P.pak"
          },
          {
            "file_path": "I:/Workspace/YoRHa No.2 Type B Uniform - Modular_CN/FMM-YoRHa_No.2_Type_B_Uniform-Modular-EN_CN/FMM-2B_Uniform-Modular-EN_CN/2B_Uniform-Modular -0- 2- basic files -0/Nier_01_Modular_Materials_P.ucas",
            "file_name": "Nier_01_Modular_Materials_P.ucas"
          },
          {
            "file_path": "I:/Workspace/YoRHa No.2 Type B Uniform - Modular_CN/FMM-YoRHa_No.2_Type_B_Uniform-Modular-EN_CN/FMM-2B_Uniform-Modular-EN_CN/2B_Uniform-Modular -0- 2- basic files -0/Nier_01_Modular_Materials_P.utoc",
            "file_name": "Nier_01_Modular_Materials_P.utoc"
          }
        ],
        "folder_path": ""
      },
      {
        "type": "separator",
        "separator_name": "Chest"
      },
      {
        "type": "mod_file",
        "area_mark": "ChestTransparent",
        "module_name": "ChestTransparent",
        "image_path": "I:/Workspace/YoRHa No.2 Type B Uniform - Modular_CN/FMM-YoRHa_No.2_Type_B_Uniform-Modular-EN_CN/FMM-2B_Uniform-Modular-EN_CN/2B_Uniform-Modular -02-01-ChestTransparent/1_ChestTransparent.jpg",
        "description": "ChestTransparent",
        "files": [
          {
            "file_path": "I:/Workspace/YoRHa No.2 Type B Uniform - Modular_CN/FMM-YoRHa_No.2_Type_B_Uniform-Modular-EN_CN/FMM-2B_Uniform-Modular-EN_CN/2B_Uniform-Modular -02-01-ChestTransparent/胸衣-半透明_ChestTransparent/Addon_Nier_01_ChestTransparent_P.pak",
            "file_name": "Addon_Nier_01_ChestTransparent_P.pak"
          },
          {
            "file_path": "I:/Workspace/YoRHa No.2 Type B Uniform - Modular_CN/FMM-YoRHa_No.2_Type_B_Uniform-Modular-EN_CN/FMM-2B_Uniform-Modular-EN_CN/2B_Uniform-Modular -02-01-ChestTransparent/胸衣-半透明_ChestTransparent/Addon_Nier_01_ChestTransparent_P.ucas",
            "file_name": "Addon_Nier_01_ChestTransparent_P.ucas"
          },
          {
            "file_path": "I:/Workspace/YoRHa No.2 Type B Uniform - Modular_CN/FMM-YoRHa_No.2_Type_B_Uniform-Modular-EN_CN/FMM-2B_Uniform-Modular-EN_CN/2B_Uniform-Modular -02-01-ChestTransparent/胸衣-半透明_ChestTransparent/Addon_Nier_01_ChestTransparent_P.utoc",
            "file_name": "Addon_Nier_01_ChestTransparent_P.utoc"
          }
        ],
        "folder_path": ""
      },
      {
        "type": "mod_file",
        "area_mark": "ChestHide",
        "module_name": "ChestHide",
        "image_path": "I:/Workspace/YoRHa No.2 Type B Uniform - Modular_CN/FMM-YoRHa_No.2_Type_B_Uniform-Modular-EN_CN/FMM-2B_Uniform-Modular-EN_CN/2B_Uniform-Modular -02-02-HideChest/1_HideChest.jpg",
        "description": "ChestHide",
        "files": [
          {
            "file_path": "I:/Workspace/YoRHa No.2 Type B Uniform - Modular_CN/FMM-YoRHa_No.2_Type_B_Uniform-Modular-EN_CN/FMM-2B_Uniform-Modular-EN_CN/2B_Uniform-Modular -02-02-HideChest/胸衣-隐藏_HideChest/Addon_Nier_01_HideChest_P.pak",
            "file_name": "Addon_Nier_01_HideChest_P.pak"
          },
          {
            "file_path": "I:/Workspace/YoRHa No.2 Type B Uniform - Modular_CN/FMM-YoRHa_No.2_Type_B_Uniform-Modular-EN_CN/FMM-2B_Uniform-Modular-EN_CN/2B_Uniform-Modular -02-02-HideChest/胸衣-隐藏_HideChest/Addon_Nier_01_HideChest_P.ucas",
            "file_name": "Addon_Nier_01_HideChest_P.ucas"
          },
          {
            "file_path": "I:/Workspace/YoRHa No.2 Type B Uniform - Modular_CN/FMM-YoRHa_No.2_Type_B_Uniform-Modular-EN_CN/FMM-2B_Uniform-Modular-EN_CN/2B_Uniform-Modular -02-02-HideChest/胸衣-隐藏_HideChest/Addon_Nier_01_HideChest_P.utoc",
            "file_name": "Addon_Nier_01_HideChest_P.utoc"
          }
        ],
        "folder_path": ""
      }
    ],
    "block_order": [
      "cover_1",
      "warning_1",
      "separator_base files",
      "mod_file_base files",
      "separator_Chest",
      "mod_file_ChestTransparent",
      "mod_file_ChestHide"
    ]
  },
  {
    "build_info": {
      "build_time": "2025-07-15T14:01:58.485084",
      "output_path": "I:/Workspace/FMM_Creator_App/output\\2B Outfir MOD-release-20250715_1401.zip",
      "temp_dir": "I:\\Workspace\\FMM_Creator_App\\app\\.cache\\2B Outfir MOD-release-20250715_1401",
      "cache_dir": "I:\\Workspace\\FMM_Creator_App\\app\\.cache"
    },
    "mod_info": {
      "name": "2B Outfir MOD-release",
      "version": "1.0.0",
      "author": "Arjun520",
      "category": "Clothing"
    },
    "cover_block": {
      "image_path": "I:/Workspace/YoRHa No.2 Type B Uniform - Modular_CN/FMM-YoRHa_No.2_Type_B_Uniform-Modular-EN_CN/FMM-2B_Uniform-Modular-EN_CN/2B_Uniform-Modular -0- 0- Cover -0/0_cover.jpg",
      "description": "cover",
      "cover_tag": "1",
      "type": "cover"
    },
    "content_blocks": [
      {
        "type": "warning",
        "block_tag": "1",
        "image_path": "I:/Workspace/YoRHa No.2 Type B Uniform - Modular_CN/FMM-YoRHa_No.2_Type_B_Uniform-Modular-EN_CN/FMM-2B_Uniform-Modular-EN_CN/2B_Uniform-Modular -0- 1- Warning -0/0_cover.jpg",
        "description": "warning"
      },
      {
        "type": "separator",
        "separator_name": "base files"
      },
      {
        "type": "mod_file",
        "area_mark": "base files",
        "module_name": "base files",
        "image_path": "I:/Workspace/YoRHa No.2 Type B Uniform - Modular_CN/FMM-YoRHa_No.2_Type_B_Uniform-Modular-EN_CN/FMM-2B_Uniform-Modular-EN_CN/2B_Uniform-Modular -0- 2- basic files -0/basic_files.jpg",
        "description": "base files",
        "files": [
          {
            "file_path": "I:/Workspace/YoRHa No.2 Type B Uniform - Modular_CN/FMM-YoRHa_No.2_Type_B_Uniform-Modular-EN_CN/FMM-2B_Uniform-Modular-EN_CN/2B_Uniform-Modular -0- 2- basic files -0/Nier_01_Modular_Main_P.pak",
            "file_name": "Nier_01_Modular_Main_P.pak"
          },
          {
            "file_path": "I:/Workspace/YoRHa No.2 Type B Uniform - Modular_CN/FMM-YoRHa_No.2_Type_B_Uniform-Modular-EN_CN/FMM-2B_Uniform-Modular-EN_CN/2B_Uniform-Modular -0- 2- basic files -0/Nier_01_Modular_Main_P.ucas",
            "file_name": "Nier_01_Modular_Main_P.ucas"
          },
          {
            "file_path": "I:/Workspace/YoRHa No.2 Type B Uniform - Modular_CN/FMM-YoRHa_No.2_Type_B_Uniform-Modular-EN_CN/FMM-2B_Uniform-Modular-EN_CN/2B_Uniform-Modular -0- 2- basic files -0/Nier_01_Modular_Main_P.utoc",
            "file_name": "Nier_01_Modular_Main_P.utoc"
          },
          {
            "file_path": "I:/Workspace/YoRHa No.2 Type B Uniform - Modular_CN/FMM-YoRHa_No.2_Type_B_Uniform-Modular-EN_CN/FMM-2B_Uniform-Modular-EN_CN/2B_Uniform-Modular -0- 2- basic files -0/Nier_01_Modular_Materials_P.pak",
            "file_name": "Nier_01_Modular_Materials_P.pak"
          },
          {
            "file_path": "I:/Workspace/YoRHa No.2 Type B Uniform - Modular_CN/FMM-YoRHa_No.2_Type_B_Uniform-Modular-EN_CN/FMM-2B_Uniform-Modular-EN_CN/2B_Uniform-Modular -0- 2- basic files -0/Nier_01_Modular_Materials_P.ucas",
            "file_name": "Nier_01_Modular_Materials_P.ucas"
          },
          {
            "file_path": "I:/Workspace/YoRHa No.2 Type B Uniform - Modular_CN/FMM-YoRHa_No.2_Type_B_Uniform-Modular-EN_CN/FMM-2B_Uniform-Modular-EN_CN/2B_Uniform-Modular -0- 2- basic files -0/Nier_01_Modular_Materials_P.utoc",
            "file_name": "Nier_01_Modular_Materials_P.utoc"
          }
        ],
        "folder_path": ""
      },
      {
        "type": "separator",
        "separator_name": "Chest"
      },
      {
        "type": "mod_file",
        "area_mark": "ChestTransparent",
        "module_name": "ChestTransparent",
        "image_path": "I:/Workspace/YoRHa No.2 Type B Uniform - Modular_CN/FMM-YoRHa_No.2_Type_B_Uniform-Modular-EN_CN/FMM-2B_Uniform-Modular-EN_CN/2B_Uniform-Modular -02-01-ChestTransparent/1_ChestTransparent.jpg",
        "description": "ChestTransparent",
        "files": [
          {
            "file_path": "I:/Workspace/YoRHa No.2 Type B Uniform - Modular_CN/FMM-YoRHa_No.2_Type_B_Uniform-Modular-EN_CN/FMM-2B_Uniform-Modular-EN_CN/2B_Uniform-Modular -02-01-ChestTransparent/胸衣-半透明_ChestTransparent/Addon_Nier_01_ChestTransparent_P.pak",
            "file_name": "Addon_Nier_01_ChestTransparent_P.pak"
          },
          {
            "file_path": "I:/Workspace/YoRHa No.2 Type B Uniform - Modular_CN/FMM-YoRHa_No.2_Type_B_Uniform-Modular-EN_CN/FMM-2B_Uniform-Modular-EN_CN/2B_Uniform-Modular -02-01-ChestTransparent/胸衣-半透明_ChestTransparent/Addon_Nier_01_ChestTransparent_P.ucas",
            "file_name": "Addon_Nier_01_ChestTransparent_P.ucas"
          },
          {
            "file_path": "I:/Workspace/YoRHa No.2 Type B Uniform - Modular_CN/FMM-YoRHa_No.2_Type_B_Uniform-Modular-EN_CN/FMM-2B_Uniform-Modular-EN_CN/2B_Uniform-Modular -02-01-ChestTransparent/胸衣-半透明_ChestTransparent/Addon_Nier_01_ChestTransparent_P.utoc",
            "file_name": "Addon_Nier_01_ChestTransparent_P.utoc"
          }
        ],
        "folder_path": ""
      },
      {
        "type": "mod_file",
        "area_mark": "ChestHide",
        "module_name": "ChestHide",
        "image_path": "I:/Workspace/YoRHa No.2 Type B Uniform - Modular_CN/FMM-YoRHa_No.2_Type_B_Uniform-Modular-EN_CN/FMM-2B_Uniform-Modular-EN_CN/2B_Uniform-Modular -02-02-HideChest/1_HideChest.jpg",
        "description": "ChestHide",
        "files": [
          {
            "file_path": "I:/Workspace/YoRHa No.2 Type B Uniform - Modular_CN/FMM-YoRHa_No.2_Type_B_Uniform-Modular-EN_CN/FMM-2B_Uniform-Modular-EN_CN/2B_Uniform-Modular -02-02-HideChest/胸衣-隐藏_HideChest/Addon_Nier_01_HideChest_P.pak",
            "file_name": "Addon_Nier_01_HideChest_P.pak"
          },
          {
            "file_path": "I:/Workspace/YoRHa No.2 Type B Uniform - Modular_CN/FMM-YoRHa_No.2_Type_B_Uniform-Modular-EN_CN/FMM-2B_Uniform-Modular-EN_CN/2B_Uniform-Modular -02-02-HideChest/胸衣-隐藏_HideChest/Addon_Nier_01_HideChest_P.ucas",
            "file_name": "Addon_Nier_01_HideChest_P.ucas"
          },
          {
            "file_path": "I:/Workspace/YoRHa No.2 Type B Uniform - Modular_CN/FMM-YoRHa_No.2_Type_B_Uniform-Modular-EN_CN/FMM-2B_Uniform-Modular-EN_CN/2B_Uniform-Modular -02-02-HideChest/胸衣-隐藏_HideChest/Addon_Nier_01_HideChest_P.utoc",
            "file_name": "Addon_Nier_01_HideChest_P.utoc"
          }
        ],
        "folder_path": ""
      }
    ],
    "block_order": [
      "cover_1",
      "warning_1",
      "separator_base files",
      "mod_file_base files",
      "separator_Chest",
      "mod_file_ChestTransparent",
      "mod_file_ChestHide"
    ]
  },
  {
    "build_info": {
      "build_time": "2025-07-15T14:01:58.485084",
      "output_path": "I:/Workspace/FMM_Creator_App/output\\2B Outfir MOD-release-20250715_1401.zip",
      "temp_dir": "I:\\Workspace\\FMM_Creator_App\\app\\.cache\\2B Outfir MOD-release-20250715_1401",
      "cache_dir": "I:\\Workspace\\FMM_Creator_App\\app\\.cache"
    },
    "mod_info": {
      "name": "2B Outfir MOD-release",
      "version": "1.0.0",
      "author": "Arjun520",
      "category": "Clothing"
    },
    "cover_block": {
      "image_path": "I:/Workspace/YoRHa No.2 Type B Uniform - Modular_CN/FMM-YoRHa_No.2_Type_B_Uniform-Modular-EN_CN/FMM-2B_Uniform-Modular-EN_CN/2B_Uniform-Modular -0- 0- Cover -0/0_cover.jpg",
      "description": "cover",
      "cover_tag": "1",
      "type": "cover"
    },
    "content_blocks": [
      {
        "type": "warning",
        "block_tag": "1",
        "image_path": "I:/Workspace/YoRHa No.2 Type B Uniform - Modular_CN/FMM-YoRHa_No.2_Type_B_Uniform-Modular-EN_CN/FMM-2B_Uniform-Modular-EN_CN/2B_Uniform-Modular -0- 1- Warning -0/0_cover.jpg",
        "description": "warning"
      },
      {
        "type": "separator",
        "separator_name": "base files"
      },
      {
        "type": "mod_file",
        "area_mark": "base files",
        "module_name": "base files",
        "image_path": "I:/Workspace/YoRHa No.2 Type B Uniform - Modular_CN/FMM-YoRHa_No.2_Type_B_Uniform-Modular-EN_CN/FMM-2B_Uniform-Modular-EN_CN/2B_Uniform-Modular -0- 2- basic files -0/basic_files.jpg",
        "description": "base files",
        "files": [
          {
            "file_path": "I:/Workspace/YoRHa No.2 Type B Uniform - Modular_CN/FMM-YoRHa_No.2_Type_B_Uniform-Modular-EN_CN/FMM-2B_Uniform-Modular-EN_CN/2B_Uniform-Modular -0- 2- basic files -0/Nier_01_Modular_Main_P.pak",
            "file_name": "Nier_01_Modular_Main_P.pak"
          },
          {
            "file_path": "I:/Workspace/YoRHa No.2 Type B Uniform - Modular_CN/FMM-YoRHa_No.2_Type_B_Uniform-Modular-EN_CN/FMM-2B_Uniform-Modular-EN_CN/2B_Uniform-Modular -0- 2- basic files -0/Nier_01_Modular_Main_P.ucas",
            "file_name": "Nier_01_Modular_Main_P.ucas"
          },
          {
            "file_path": "I:/Workspace/YoRHa No.2 Type B Uniform - Modular_CN/FMM-YoRHa_No.2_Type_B_Uniform-Modular-EN_CN/FMM-2B_Uniform-Modular-EN_CN/2B_Uniform-Modular -0- 2- basic files -0/Nier_01_Modular_Main_P.utoc",
            "file_name": "Nier_01_Modular_Main_P.utoc"
          },
          {
            "file_path": "I:/Workspace/YoRHa No.2 Type B Uniform - Modular_CN/FMM-YoRHa_No.2_Type_B_Uniform-Modular-EN_CN/FMM-2B_Uniform-Modular-EN_CN/2B_Uniform-Modular -0- 2- basic files -0/Nier_01_Modular_Materials_P.pak",
            "file_name": "Nier_01_Modular_Materials_P.pak"
          },
          {
            "file_path": "I:/Workspace/YoRHa No.2 Type B Uniform - Modular_CN/FMM-YoRHa_No.2_Type_B_Uniform-Modular-EN_CN/FMM-2B_Uniform-Modular-EN_CN/2B_Uniform-Modular -0- 2- basic files -0/Nier_01_Modular_Materials_P.ucas",
            "file_name": "Nier_01_Modular_Materials_P.ucas"
          },
          {
            "file_path": "I:/Workspace/YoRHa No.2 Type B Uniform - Modular_CN/FMM-YoRHa_No.2_Type_B_Uniform-Modular-EN_CN/FMM-2B_Uniform-Modular-EN_CN/2B_Uniform-Modular -0- 2- basic files -0/Nier_01_Modular_Materials_P.utoc",
            "file_name": "Nier_01_Modular_Materials_P.utoc"
          }
        ],
        "folder_path": ""
      },
      {
        "type": "separator",
        "separator_name": "Chest"
      },
      {
        "type": "mod_file",
        "area_mark": "ChestTransparent",
        "module_name": "ChestTransparent",
        "image_path": "I:/Workspace/YoRHa No.2 Type B Uniform - Modular_CN/FMM-YoRHa_No.2_Type_B_Uniform-Modular-EN_CN/FMM-2B_Uniform-Modular-EN_CN/2B_Uniform-Modular -02-01-ChestTransparent/1_ChestTransparent.jpg",
        "description": "ChestTransparent",
        "files": [
          {
            "file_path": "I:/Workspace/YoRHa No.2 Type B Uniform - Modular_CN/FMM-YoRHa_No.2_Type_B_Uniform-Modular-EN_CN/FMM-2B_Uniform-Modular-EN_CN/2B_Uniform-Modular -02-01-ChestTransparent/胸衣-半透明_ChestTransparent/Addon_Nier_01_ChestTransparent_P.pak",
            "file_name": "Addon_Nier_01_ChestTransparent_P.pak"
          },
          {
            "file_path": "I:/Workspace/YoRHa No.2 Type B Uniform - Modular_CN/FMM-YoRHa_No.2_Type_B_Uniform-Modular-EN_CN/FMM-2B_Uniform-Modular-EN_CN/2B_Uniform-Modular -02-01-ChestTransparent/胸衣-半透明_ChestTransparent/Addon_Nier_01_ChestTransparent_P.ucas",
            "file_name": "Addon_Nier_01_ChestTransparent_P.ucas"
          },
          {
            "file_path": "I:/Workspace/YoRHa No.2 Type B Uniform - Modular_CN/FMM-YoRHa_No.2_Type_B_Uniform-Modular-EN_CN/FMM-2B_Uniform-Modular-EN_CN/2B_Uniform-Modular -02-01-ChestTransparent/胸衣-半透明_ChestTransparent/Addon_Nier_01_ChestTransparent_P.utoc",
            "file_name": "Addon_Nier_01_ChestTransparent_P.utoc"
          }
        ],
        "folder_path": ""
      },
      {
        "type": "mod_file",
        "area_mark": "ChestHide",
        "module_name": "ChestHide",
        "image_path": "I:/Workspace/YoRHa No.2 Type B Uniform - Modular_CN/FMM-YoRHa_No.2_Type_B_Uniform-Modular-EN_CN/FMM-2B_Uniform-Modular-EN_CN/2B_Uniform-Modular -02-02-HideChest/1_HideChest.jpg",
        "description": "ChestHide",
        "files": [
          {
            "file_path": "I:/Workspace/YoRHa No.2 Type B Uniform - Modular_CN/FMM-YoRHa_No.2_Type_B_Uniform-Modular-EN_CN/FMM-2B_Uniform-Modular-EN_CN/2B_Uniform-Modular -02-02-HideChest/胸衣-隐藏_HideChest/Addon_Nier_01_HideChest_P.pak",
            "file_name": "Addon_Nier_01_HideChest_P.pak"
          },
          {
            "file_path": "I:/Workspace/YoRHa No.2 Type B Uniform - Modular_CN/FMM-YoRHa_No.2_Type_B_Uniform-Modular-EN_CN/FMM-2B_Uniform-Modular-EN_CN/2B_Uniform-Modular -02-02-HideChest/胸衣-隐藏_HideChest/Addon_Nier_01_HideChest_P.ucas",
            "file_name": "Addon_Nier_01_HideChest_P.ucas"
          },
          {
            "file_path": "I:/Workspace/YoRHa No.2 Type B Uniform - Modular_CN/FMM-YoRHa_No.2_Type_B_Uniform-Modular-EN_CN/FMM-2B_Uniform-Modular-EN_CN/2B_Uniform-Modular -02-02-HideChest/胸衣-隐藏_HideChest/Addon_Nier_01_HideChest_P.utoc",
            "file_name": "Addon_Nier_01_HideChest_P.utoc"
          }
        ],
        "folder_path": ""
      }
    ],
    "block_order": [
      "cover_1",
      "warning_1",
      "separator_base files",
      "mod_file_base files",
      "separator_Chest",
      "mod_file_ChestTransparent",
      "mod_file_ChestHide"
    ]
  },
  {
    "build_info": {
      "build_time": "2025-07-15T14:01:58.485084",
      "output_path": "I:/Workspace/FMM_Creator_App/output\\2B Outfir MOD-release-20250715_1401.zip",
      "temp_dir": "I:\\Workspace\\FMM_Creator_App\\app\\.cache\\2B Outfir MOD-release-20250715_1401",
      "cache_dir": "I:\\Workspace\\FMM_Creator_App\\app\\.cache"
    },
    "mod_info": {
      "name": "2B Outfir MOD-release",
      "version": "1.0.0",
      "author": "Arjun520",
      "category": "Clothing"
    },
    "cover_block": {
      "image_path": "I:/Workspace/YoRHa No.2 Type B Uniform - Modular_CN/FMM-YoRHa_No.2_Type_B_Uniform-Modular-EN_CN/FMM-2B_Uniform-Modular-EN_CN/2B_Uniform-Modular -0- 0- Cover -0/0_cover.jpg",
      "description": "cover",
      "cover_tag": "1",
      "type": "cover"
    },
    "content_blocks": [
      {
        "type": "warning",
        "block_tag": "1",
        "image_path": "I:/Workspace/YoRHa No.2 Type B Uniform - Modular_CN/FMM-YoRHa_No.2_Type_B_Uniform-Modular-EN_CN/FMM-2B_Uniform-Modular-EN_CN/2B_Uniform-Modular -0- 1- Warning -0/0_cover.jpg",
        "description": "warning"
      },
      {
        "type": "separator",
        "separator_name": "base files"
      },
      {
        "type": "mod_file",
        "area_mark": "base files",
        "module_name": "base files",
        "image_path": "I:/Workspace/YoRHa No.2 Type B Uniform - Modular_CN/FMM-YoRHa_No.2_Type_B_Uniform-Modular-EN_CN/FMM-2B_Uniform-Modular-EN_CN/2B_Uniform-Modular -0- 2- basic files -0/basic_files.jpg",
        "description": "base files",
        "files": [
          {
            "file_path": "I:/Workspace/YoRHa No.2 Type B Uniform - Modular_CN/FMM-YoRHa_No.2_Type_B_Uniform-Modular-EN_CN/FMM-2B_Uniform-Modular-EN_CN/2B_Uniform-Modular -0- 2- basic files -0/Nier_01_Modular_Main_P.pak",
            "file_name": "Nier_01_Modular_Main_P.pak"
          },
          {
            "file_path": "I:/Workspace/YoRHa No.2 Type B Uniform - Modular_CN/FMM-YoRHa_No.2_Type_B_Uniform-Modular-EN_CN/FMM-2B_Uniform-Modular-EN_CN/2B_Uniform-Modular -0- 2- basic files -0/Nier_01_Modular_Main_P.ucas",
            "file_name": "Nier_01_Modular_Main_P.ucas"
          },
          {
            "file_path": "I:/Workspace/YoRHa No.2 Type B Uniform - Modular_CN/FMM-YoRHa_No.2_Type_B_Uniform-Modular-EN_CN/FMM-2B_Uniform-Modular-EN_CN/2B_Uniform-Modular -0- 2- basic files -0/Nier_01_Modular_Main_P.utoc",
            "file_name": "Nier_01_Modular_Main_P.utoc"
          },
          {
            "file_path": "I:/Workspace/YoRHa No.2 Type B Uniform - Modular_CN/FMM-YoRHa_No.2_Type_B_Uniform-Modular-EN_CN/FMM-2B_Uniform-Modular-EN_CN/2B_Uniform-Modular -0- 2- basic files -0/Nier_01_Modular_Materials_P.pak",
            "file_name": "Nier_01_Modular_Materials_P.pak"
          },
          {
            "file_path": "I:/Workspace/YoRHa No.2 Type B Uniform - Modular_CN/FMM-YoRHa_No.2_Type_B_Uniform-Modular-EN_CN/FMM-2B_Uniform-Modular-EN_CN/2B_Uniform-Modular -0- 2- basic files -0/Nier_01_Modular_Materials_P.ucas",
            "file_name": "Nier_01_Modular_Materials_P.ucas"
          },
          {
            "file_path": "I:/Workspace/YoRHa No.2 Type B Uniform - Modular_CN/FMM-YoRHa_No.2_Type_B_Uniform-Modular-EN_CN/FMM-2B_Uniform-Modular-EN_CN/2B_Uniform-Modular -0- 2- basic files -0/Nier_01_Modular_Materials_P.utoc",
            "file_name": "Nier_01_Modular_Materials_P.utoc"
          }
        ],
        "folder_path": ""
      },
      {
        "type": "separator",
        "separator_name": "Chest"
      },
      {
        "type": "mod_file",
        "area_mark": "ChestTransparent",
        "module_name": "ChestTransparent",
        "image_path": "I:/Workspace/YoRHa No.2 Type B Uniform - Modular_CN/FMM-YoRHa_No.2_Type_B_Uniform-Modular-EN_CN/FMM-2B_Uniform-Modular-EN_CN/2B_Uniform-Modular -02-01-ChestTransparent/1_ChestTransparent.jpg",
        "description": "ChestTransparent",
        "files": [
          {
            "file_path": "I:/Workspace/YoRHa No.2 Type B Uniform - Modular_CN/FMM-YoRHa_No.2_Type_B_Uniform-Modular-EN_CN/FMM-2B_Uniform-Modular-EN_CN/2B_Uniform-Modular -02-01-ChestTransparent/胸衣-半透明_ChestTransparent/Addon_Nier_01_ChestTransparent_P.pak",
            "file_name": "Addon_Nier_01_ChestTransparent_P.pak"
          },
          {
            "file_path": "I:/Workspace/YoRHa No.2 Type B Uniform - Modular_CN/FMM-YoRHa_No.2_Type_B_Uniform-Modular-EN_CN/FMM-2B_Uniform-Modular-EN_CN/2B_Uniform-Modular -02-01-ChestTransparent/胸衣-半透明_ChestTransparent/Addon_Nier_01_ChestTransparent_P.ucas",
            "file_name": "Addon_Nier_01_ChestTransparent_P.ucas"
          },
          {
            "file_path": "I:/Workspace/YoRHa No.2 Type B Uniform - Modular_CN/FMM-YoRHa_No.2_Type_B_Uniform-Modular-EN_CN/FMM-2B_Uniform-Modular-EN_CN/2B_Uniform-Modular -02-01-ChestTransparent/胸衣-半透明_ChestTransparent/Addon_Nier_01_ChestTransparent_P.utoc",
            "file_name": "Addon_Nier_01_ChestTransparent_P.utoc"
          }
        ],
        "folder_path": ""
      },
      {
        "type": "mod_file",
        "area_mark": "ChestHide",
        "module_name": "ChestHide",
        "image_path": "I:/Workspace/YoRHa No.2 Type B Uniform - Modular_CN/FMM-YoRHa_No.2_Type_B_Uniform-Modular-EN_CN/FMM-2B_Uniform-Modular-EN_CN/2B_Uniform-Modular -02-02-HideChest/1_HideChest.jpg",
        "description": "ChestHide",
        "files": [
          {
            "file_path": "I:/Workspace/YoRHa No.2 Type B Uniform - Modular_CN/FMM-YoRHa_No.2_Type_B_Uniform-Modular-EN_CN/FMM-2B_Uniform-Modular-EN_CN/2B_Uniform-Modular -02-02-HideChest/胸衣-隐藏_HideChest/Addon_Nier_01_HideChest_P.pak",
            "file_name": "Addon_Nier_01_HideChest_P.pak"
          },
          {
            "file_path": "I:/Workspace/YoRHa No.2 Type B Uniform - Modular_CN/FMM-YoRHa_No.2_Type_B_Uniform-Modular-EN_CN/FMM-2B_Uniform-Modular-EN_CN/2B_Uniform-Modular -02-02-HideChest/胸衣-隐藏_HideChest/Addon_Nier_01_HideChest_P.ucas",
            "file_name": "Addon_Nier_01_HideChest_P.ucas"
          },
          {
            "file_path": "I:/Workspace/YoRHa No.2 Type B Uniform - Modular_CN/FMM-YoRHa_No.2_Type_B_Uniform-Modular-EN_CN/FMM-2B_Uniform-Modular-EN_CN/2B_Uniform-Modular -02-02-HideChest/胸衣-隐藏_HideChest/Addon_Nier_01_HideChest_P.utoc",
            "file_name": "Addon_Nier_01_HideChest_P.utoc"
          }
        ],
        "folder_path": ""
      }
    ],
    "block_order": [
      "cover_1",
      "warning_1",
      "separator_base files",
      "mod_file_base files",
      "separator_Chest",
      "mod_file_ChestTransparent",
      "mod_file_ChestHide"
    ]
  },
  {
    "build_info": {
      "build_time": "2025-07-15T14:01:58.485084",
      "output_path": "I:/Workspace/FMM_Creator_App/output\\2B Outfir MOD-release-20250715_1401.zip",
      "temp_dir": "I:\\Workspace\\FMM_Creator_App\\app\\.cache\\2B Outfir MOD-release-20250715_1401",
      "cache_dir": "I:\\Workspace\\FMM_Creator_App\\app\\.cache"
    },
    "mod_info": {
      "name": "2B Outfir MOD-release",
      "version": "1.0.0",
      "author": "Arjun520",
      "category": "Clothing"
    },
    "cover_block": {
      "image_path": "I:/Workspace/YoRHa No.2 Type B Uniform - Modular_CN/FMM-YoRHa_No.2_Type_B_Uniform-Modular-EN_CN/FMM-2B_Uniform-Modular-EN_CN/2B_Uniform-Modular -0- 0- Cover -0/0_cover.jpg",
      "description": "cover",
      "cover_tag": "1",
      "type": "cover"
    },
    "content_blocks": [
      {
        "type": "warning",
        "block_tag": "1",
        "image_path": "I:/Workspace/YoRHa No.2 Type B Uniform - Modular_CN/FMM-YoRHa_No.2_Type_B_Uniform-Modular-EN_CN/FMM-2B_Uniform-Modular-EN_CN/2B_Uniform-Modular -0- 1- Warning -0/0_cover.jpg",
        "description": "warning"
      },
      {
        "type": "separator",
        "separator_name": "base files"
      },
      {
        "type": "mod_file",
        "area_mark": "base files",
        "module_name": "base files",
        "image_path": "I:/Workspace/YoRHa No.2 Type B Uniform - Modular_CN/FMM-YoRHa_No.2_Type_B_Uniform-Modular-EN_CN/FMM-2B_Uniform-Modular-EN_CN/2B_Uniform-Modular -0- 2- basic files -0/basic_files.jpg",
        "description": "base files",
        "files": [
          {
            "file_path": "I:/Workspace/YoRHa No.2 Type B Uniform - Modular_CN/FMM-YoRHa_No.2_Type_B_Uniform-Modular-EN_CN/FMM-2B_Uniform-Modular-EN_CN/2B_Uniform-Modular -0- 2- basic files -0/Nier_01_Modular_Main_P.pak",
            "file_name": "Nier_01_Modular_Main_P.pak"
          },
          {
            "file_path": "I:/Workspace/YoRHa No.2 Type B Uniform - Modular_CN/FMM-YoRHa_No.2_Type_B_Uniform-Modular-EN_CN/FMM-2B_Uniform-Modular-EN_CN/2B_Uniform-Modular -0- 2- basic files -0/Nier_01_Modular_Main_P.ucas",
            "file_name": "Nier_01_Modular_Main_P.ucas"
          },
          {
            "file_path": "I:/Workspace/YoRHa No.2 Type B Uniform - Modular_CN/FMM-YoRHa_No.2_Type_B_Uniform-Modular-EN_CN/FMM-2B_Uniform-Modular-EN_CN/2B_Uniform-Modular -0- 2- basic files -0/Nier_01_Modular_Main_P.utoc",
            "file_name": "Nier_01_Modular_Main_P.utoc"
          },
          {
            "file_path": "I:/Workspace/YoRHa No.2 Type B Uniform - Modular_CN/FMM-YoRHa_No.2_Type_B_Uniform-Modular-EN_CN/FMM-2B_Uniform-Modular-EN_CN/2B_Uniform-Modular -0- 2- basic files -0/Nier_01_Modular_Materials_P.pak",
            "file_name": "Nier_01_Modular_Materials_P.pak"
          },
          {
            "file_path": "I:/Workspace/YoRHa No.2 Type B Uniform - Modular_CN/FMM-YoRHa_No.2_Type_B_Uniform-Modular-EN_CN/FMM-2B_Uniform-Modular-EN_CN/2B_Uniform-Modular -0- 2- basic files -0/Nier_01_Modular_Materials_P.ucas",
            "file_name": "Nier_01_Modular_Materials_P.ucas"
          },
          {
            "file_path": "I:/Workspace/YoRHa No.2 Type B Uniform - Modular_CN/FMM-YoRHa_No.2_Type_B_Uniform-Modular-EN_CN/FMM-2B_Uniform-Modular-EN_CN/2B_Uniform-Modular -0- 2- basic files -0/Nier_01_Modular_Materials_P.utoc",
            "file_name": "Nier_01_Modular_Materials_P.utoc"
          }
        ],
        "folder_path": ""
      },
      {
        "type": "separator",
        "separator_name": "Chest"
      },
      {
        "type": "mod_file",
        "area_mark": "ChestTransparent",
        "module_name": "ChestTransparent",
        "image_path": "I:/Workspace/YoRHa No.2 Type B Uniform - Modular_CN/FMM-YoRHa_No.2_Type_B_Uniform-Modular-EN_CN/FMM-2B_Uniform-Modular-EN_CN/2B_Uniform-Modular -02-01-ChestTransparent/1_ChestTransparent.jpg",
        "description": "ChestTransparent",
        "files": [
          {
            "file_path": "I:/Workspace/YoRHa No.2 Type B Uniform - Modular_CN/FMM-YoRHa_No.2_Type_B_Uniform-Modular-EN_CN/FMM-2B_Uniform-Modular-EN_CN/2B_Uniform-Modular -02-01-ChestTransparent/胸衣-半透明_ChestTransparent/Addon_Nier_01_ChestTransparent_P.pak",
            "file_name": "Addon_Nier_01_ChestTransparent_P.pak"
          },
          {
            "file_path": "I:/Workspace/YoRHa No.2 Type B Uniform - Modular_CN/FMM-YoRHa_No.2_Type_B_Uniform-Modular-EN_CN/FMM-2B_Uniform-Modular-EN_CN/2B_Uniform-Modular -02-01-ChestTransparent/胸衣-半透明_ChestTransparent/Addon_Nier_01_ChestTransparent_P.ucas",
            "file_name": "Addon_Nier_01_ChestTransparent_P.ucas"
          },
          {
            "file_path": "I:/Workspace/YoRHa No.2 Type B Uniform - Modular_CN/FMM-YoRHa_No.2_Type_B_Uniform-Modular-EN_CN/FMM-2B_Uniform-Modular-EN_CN/2B_Uniform-Modular -02-01-ChestTransparent/胸衣-半透明_ChestTransparent/Addon_Nier_01_ChestTransparent_P.utoc",
            "file_name": "Addon_Nier_01_ChestTransparent_P.utoc"
          }
        ],
        "folder_path": ""
      },
      {
        "type": "mod_file",
        "area_mark": "ChestHide",
        "module_name": "ChestHide",
        "image_path": "I:/Workspace/YoRHa No.2 Type B Uniform - Modular_CN/FMM-YoRHa_No.2_Type_B_Uniform-Modular-EN_CN/FMM-2B_Uniform-Modular-EN_CN/2B_Uniform-Modular -02-02-HideChest/1_HideChest.jpg",
        "description": "ChestHide",
        "files": [
          {
            "file_path": "I:/Workspace/YoRHa No.2 Type B Uniform - Modular_CN/FMM-YoRHa_No.2_Type_B_Uniform-Modular-EN_CN/FMM-2B_Uniform-Modular-EN_CN/2B_Uniform-Modular -02-02-HideChest/胸衣-隐藏_HideChest/Addon_Nier_01_HideChest_P.pak",
            "file_name": "Addon_Nier_01_HideChest_P.pak"
          },
          {
            "file_path": "I:/Workspace/YoRHa No.2 Type B Uniform - Modular_CN/FMM-YoRHa_No.2_Type_B_Uniform-Modular-EN_CN/FMM-2B_Uniform-Modular-EN_CN/2B_Uniform-Modular -02-02-HideChest/胸衣-隐藏_HideChest/Addon_Nier_01_HideChest_P.ucas",
            "file_name": "Addon_Nier_01_HideChest_P.ucas"
          },
          {
            "file_path": "I:/Workspace/YoRHa No.2 Type B Uniform - Modular_CN/FMM-YoRHa_No.2_Type_B_Uniform-Modular-EN_CN/FMM-2B_Uniform-Modular-EN_CN/2B_Uniform-Modular -02-02-HideChest/胸衣-隐藏_HideChest/Addon_Nier_01_HideChest_P.utoc",
            "file_name": "Addon_Nier_01_HideChest_P.utoc"
          }
        ],
        "folder_path": ""
      }
    ],
    "block_order": [
      "cover_1",
      "warning_1",
      "separator_base files",
      "mod_file_base files",
      "separator_Chest",
      "mod_file_ChestTransparent",
      "mod_file_ChestHide"
    ]
  },
  {
    "build_info": {
      "build_time": "2025-07-15T14:01:58.485084",
      "output_path": "I:/Workspace/FMM_Creator_App/output\\2B Outfir MOD-release-20250715_1401.zip",
      "temp_dir": "I:\\Workspace\\FMM_Creator_App\\app\\.cache\\2B Outfir MOD-release-20250715_1401",
      "cache_dir": "I:\\Workspace\\FMM_Creator_App\\app\\.cache"
    },
    "mod_info": {
      "name": "2B Outfir MOD-release",
      "version": "1.0.0",
      "author": "Arjun520",
      "category": "Clothing"
    },
    "cover_block": {
      "image_path": "I:/Workspace/YoRHa No.2 Type B Uniform - Modular_CN/FMM-YoRHa_No.2_Type_B_Uniform-Modular-EN_CN/FMM-2B_Uniform-Modular-EN_CN/2B_Uniform-Modular -0- 0- Cover -0/0_cover.jpg",
      "description": "cover",
      "cover_tag": "1",
      "type": "cover"
    },
    "content_blocks": [
      {
        "type": "warning",
        "block_tag": "1",
        "image_path": "I:/Workspace/YoRHa No.2 Type B Uniform - Modular_CN/FMM-YoRHa_No.2_Type_B_Uniform-Modular-EN_CN/FMM-2B_Uniform-Modular-EN_CN/2B_Uniform-Modular -0- 1- Warning -0/0_cover.jpg",
        "description": "warning"
      },
      {
        "type": "separator",
        "separator_name": "base files"
      },
      {
        "type": "mod_file",
        "area_mark": "base files",
        "module_name": "base files",
        "image_path": "I:/Workspace/YoRHa No.2 Type B Uniform - Modular_CN/FMM-YoRHa_No.2_Type_B_Uniform-Modular-EN_CN/FMM-2B_Uniform-Modular-EN_CN/2B_Uniform-Modular -0- 2- basic files -0/basic_files.jpg",
        "description": "base files",
        "files": [
          {
            "file_path": "I:/Workspace/YoRHa No.2 Type B Uniform - Modular_CN/FMM-YoRHa_No.2_Type_B_Uniform-Modular-EN_CN/FMM-2B_Uniform-Modular-EN_CN/2B_Uniform-Modular -0- 2- basic files -0/Nier_01_Modular_Main_P.pak",
            "file_name": "Nier_01_Modular_Main_P.pak"
          },
          {
            "file_path": "I:/Workspace/YoRHa No.2 Type B Uniform - Modular_CN/FMM-YoRHa_No.2_Type_B_Uniform-Modular-EN_CN/FMM-2B_Uniform-Modular-EN_CN/2B_Uniform-Modular -0- 2- basic files -0/Nier_01_Modular_Main_P.ucas",
            "file_name": "Nier_01_Modular_Main_P.ucas"
          },
          {
            "file_path": "I:/Workspace/YoRHa No.2 Type B Uniform - Modular_CN/FMM-YoRHa_No.2_Type_B_Uniform-Modular-EN_CN/FMM-2B_Uniform-Modular-EN_CN/2B_Uniform-Modular -0- 2- basic files -0/Nier_01_Modular_Main_P.utoc",
            "file_name": "Nier_01_Modular_Main_P.utoc"
          },
          {
            "file_path": "I:/Workspace/YoRHa No.2 Type B Uniform - Modular_CN/FMM-YoRHa_No.2_Type_B_Uniform-Modular-EN_CN/FMM-2B_Uniform-Modular-EN_CN/2B_Uniform-Modular -0- 2- basic files -0/Nier_01_Modular_Materials_P.pak",
            "file_name": "Nier_01_Modular_Materials_P.pak"
          },
          {
            "file_path": "I:/Workspace/YoRHa No.2 Type B Uniform - Modular_CN/FMM-YoRHa_No.2_Type_B_Uniform-Modular-EN_CN/FMM-2B_Uniform-Modular-EN_CN/2B_Uniform-Modular -0- 2- basic files -0/Nier_01_Modular_Materials_P.ucas",
            "file_name": "Nier_01_Modular_Materials_P.ucas"
          },
          {
            "file_path": "I:/Workspace/YoRHa No.2 Type B Uniform - Modular_CN/FMM-YoRHa_No.2_Type_B_Uniform-Modular-EN_CN/FMM-2B_Uniform-Modular-EN_CN/2B_Uniform-Modular -0- 2- basic files -0/Nier_01_Modular_Materials_P.utoc",
            "file_name": "Nier_01_Modular_Materials_P.utoc"
          }
        ],
        "folder_path": ""
      },
      {
        "type": "separator",
        "separator_name": "Chest"
      },
      {
        "type": "mod_file",
        "area_mark": "ChestTransparent",
        "module_name": "ChestTransparent",
        "image_path": "I:/Workspace/YoRHa No.2 Type B Uniform - Modular_CN/FMM-YoRHa_No.2_Type_B_Uniform-Modular-EN_CN/FMM-2B_Uniform-Modular-EN_CN/2B_Uniform-Modular -02-01-ChestTransparent/1_ChestTransparent.jpg",
        "description": "ChestTransparent",
        "files": [
          {
            "file_path": "I:/Workspace/YoRHa No.2 Type B Uniform - Modular_CN/FMM-YoRHa_No.2_Type_B_Uniform-Modular-EN_CN/FMM-2B_Uniform-Modular-EN_CN/2B_Uniform-Modular -02-01-ChestTransparent/胸衣-半透明_ChestTransparent/Addon_Nier_01_ChestTransparent_P.pak",
            "file_name": "Addon_Nier_01_ChestTransparent_P.pak"
          },
          {
            "file_path": "I:/Workspace/YoRHa No.2 Type B Uniform - Modular_CN/FMM-YoRHa_No.2_Type_B_Uniform-Modular-EN_CN/FMM-2B_Uniform-Modular-EN_CN/2B_Uniform-Modular -02-01-ChestTransparent/胸衣-半透明_ChestTransparent/Addon_Nier_01_ChestTransparent_P.ucas",
            "file_name": "Addon_Nier_01_ChestTransparent_P.ucas"
          },
          {
            "file_path": "I:/Workspace/YoRHa No.2 Type B Uniform - Modular_CN/FMM-YoRHa_No.2_Type_B_Uniform-Modular-EN_CN/FMM-2B_Uniform-Modular-EN_CN/2B_Uniform-Modular -02-01-ChestTransparent/胸衣-半透明_ChestTransparent/Addon_Nier_01_ChestTransparent_P.utoc",
            "file_name": "Addon_Nier_01_ChestTransparent_P.utoc"
          }
        ],
        "folder_path": ""
      },
      {
        "type": "mod_file",
        "area_mark": "ChestHide",
        "module_name": "ChestHide",
        "image_path": "I:/Workspace/YoRHa No.2 Type B Uniform - Modular_CN/FMM-YoRHa_No.2_Type_B_Uniform-Modular-EN_CN/FMM-2B_Uniform-Modular-EN_CN/2B_Uniform-Modular -02-02-HideChest/1_HideChest.jpg",
        "description": "ChestHide",
        "files": [
          {
            "file_path": "I:/Workspace/YoRHa No.2 Type B Uniform - Modular_CN/FMM-YoRHa_No.2_Type_B_Uniform-Modular-EN_CN/FMM-2B_Uniform-Modular-EN_CN/2B_Uniform-Modular -02-02-HideChest/胸衣-隐藏_HideChest/Addon_Nier_01_HideChest_P.pak",
            "file_name": "Addon_Nier_01_HideChest_P.pak"
          },
          {
            "file_path": "I:/Workspace/YoRHa No.2 Type B Uniform - Modular_CN/FMM-YoRHa_No.2_Type_B_Uniform-Modular-EN_CN/FMM-2B_Uniform-Modular-EN_CN/2B_Uniform-Modular -02-02-HideChest/胸衣-隐藏_HideChest/Addon_Nier_01_HideChest_P.ucas",
            "file_name": "Addon_Nier_01_HideChest_P.ucas"
          },
          {
            "file_path": "I:/Workspace/YoRHa No.2 Type B Uniform - Modular_CN/FMM-YoRHa_No.2_Type_B_Uniform-Modular-EN_CN/FMM-2B_Uniform-Modular-EN_CN/2B_Uniform-Modular -02-02-HideChest/胸衣-隐藏_HideChest/Addon_Nier_01_HideChest_P.utoc",
            "file_name": "Addon_Nier_01_HideChest_P.utoc"
          }
        ],
        "folder_path": ""
      }
    ],
    "block_order": [
      "cover_1",
      "warning_1",
      "separator_base files",
      "mod_file_base files",
      "separator_Chest",
      "mod_file_ChestTransparent",
      "mod_file_ChestHide"
    ]
  },
  {
    "build_info": {
      "build_time": "2025-07-15T14:01:58.485084",
      "output_path": "I:/Workspace/FMM_Creator_App/output\\2B Outfir MOD-release-20250715_1401.zip",
      "temp_dir": "I:\\Workspace\\FMM_Creator_App\\app\\.cache\\2B Outfir MOD-release-20250715_1401",
      "cache_dir": "I:\\Workspace\\FMM_Creator_App\\app\\.cache"
    },
    "mod_info": {
      "name": "2B Outfir MOD-release",
      "version": "1.0.0",
      "author": "Arjun520",
      "category": "Clothing"
    },
    "cover_block": {
      "image_path": "I:/Workspace/YoRHa No.2 Type B Uniform - Modular_CN/FMM-YoRHa_No.2_Type_B_Uniform-Modular-EN_CN/FMM-2B_Uniform-Modular-EN_CN/2B_Uniform-Modular -0- 0- Cover -0/0_cover.jpg",
      "description": "cover",
      "cover_tag": "1",
      "type": "cover"
    },
    "content_blocks": [
      {
        "type": "warning",
        "block_tag": "1",
        "image_path": "I:/Workspace/YoRHa No.2 Type B Uniform - Modular_CN/FMM-YoRHa_No.2_Type_B_Uniform-Modular-EN_CN/FMM-2B_Uniform-Modular-EN_CN/2B_Uniform-Modular -0- 1- Warning -0/0_cover.jpg",
        "description": "warning"
      },
      {
        "type": "separator",
        "separator_name": "base files"
      },
      {
        "type": "mod_file",
        "area_mark": "base files",
        "module_name": "base files",
        "image_path": "I:/Workspace/YoRHa No.2 Type B Uniform - Modular_CN/FMM-YoRHa_No.2_Type_B_Uniform-Modular-EN_CN/FMM-2B_Uniform-Modular-EN_CN/2B_Uniform-Modular -0- 2- basic files -0/basic_files.jpg",
        "description": "base files",
        "files": [
          {
            "file_path": "I:/Workspace/YoRHa No.2 Type B Uniform - Modular_CN/FMM-YoRHa_No.2_Type_B_Uniform-Modular-EN_CN/FMM-2B_Uniform-Modular-EN_CN/2B_Uniform-Modular -0- 2- basic files -0/Nier_01_Modular_Main_P.pak",
            "file_name": "Nier_01_Modular_Main_P.pak"
          },
          {
            "file_path": "I:/Workspace/YoRHa No.2 Type B Uniform - Modular_CN/FMM-YoRHa_No.2_Type_B_Uniform-Modular-EN_CN/FMM-2B_Uniform-Modular-EN_CN/2B_Uniform-Modular -0- 2- basic files -0/Nier_01_Modular_Main_P.ucas",
            "file_name": "Nier_01_Modular_Main_P.ucas"
          },
          {
            "file_path": "I:/Workspace/YoRHa No.2 Type B Uniform - Modular_CN/FMM-YoRHa_No.2_Type_B_Uniform-Modular-EN_CN/FMM-2B_Uniform-Modular-EN_CN/2B_Uniform-Modular -0- 2- basic files -0/Nier_01_Modular_Main_P.utoc",
            "file_name": "Nier_01_Modular_Main_P.utoc"
          },
          {
            "file_path": "I:/Workspace/YoRHa No.2 Type B Uniform - Modular_CN/FMM-YoRHa_No.2_Type_B_Uniform-Modular-EN_CN/FMM-2B_Uniform-Modular-EN_CN/2B_Uniform-Modular -0- 2- basic files -0/Nier_01_Modular_Materials_P.pak",
            "file_name": "Nier_01_Modular_Materials_P.pak"
          },
          {
            "file_path": "I:/Workspace/YoRHa No.2 Type B Uniform - Modular_CN/FMM-YoRHa_No.2_Type_B_Uniform-Modular-EN_CN/FMM-2B_Uniform-Modular-EN_CN/2B_Uniform-Modular -0- 2- basic files -0/Nier_01_Modular_Materials_P.ucas",
            "file_name": "Nier_01_Modular_Materials_P.ucas"
          },
          {
            "file_path": "I:/Workspace/YoRHa No.2 Type B Uniform - Modular_CN/FMM-YoRHa_No.2_Type_B_Uniform-Modular-EN_CN/FMM-2B_Uniform-Modular-EN_CN/2B_Uniform-Modular -0- 2- basic files -0/Nier_01_Modular_Materials_P.utoc",
            "file_name": "Nier_01_Modular_Materials_P.utoc"
          }
        ],
        "folder_path": ""
      },
      {
        "type": "separator",
        "separator_name": "Chest"
      },
      {
        "type": "mod_file",
        "area_mark": "ChestTransparent",
        "module_name": "ChestTransparent",
        "image_path": "I:/Workspace/YoRHa No.2 Type B Uniform - Modular_CN/FMM-YoRHa_No.2_Type_B_Uniform-Modular-EN_CN/FMM-2B_Uniform-Modular-EN_CN/2B_Uniform-Modular -02-01-ChestTransparent/1_ChestTransparent.jpg",
        "description": "ChestTransparent",
        "files": [
          {
            "file_path": "I:/Workspace/YoRHa No.2 Type B Uniform - Modular_CN/FMM-YoRHa_No.2_Type_B_Uniform-Modular-EN_CN/FMM-2B_Uniform-Modular-EN_CN/2B_Uniform-Modular -02-01-ChestTransparent/胸衣-半透明_ChestTransparent/Addon_Nier_01_ChestTransparent_P.pak",
            "file_name": "Addon_Nier_01_ChestTransparent_P.pak"
          },
          {
            "file_path": "I:/Workspace/YoRHa No.2 Type B Uniform - Modular_CN/FMM-YoRHa_No.2_Type_B_Uniform-Modular-EN_CN/FMM-2B_Uniform-Modular-EN_CN/2B_Uniform-Modular -02-01-ChestTransparent/胸衣-半透明_ChestTransparent/Addon_Nier_01_ChestTransparent_P.ucas",
            "file_name": "Addon_Nier_01_ChestTransparent_P.ucas"
          },
          {
            "file_path": "I:/Workspace/YoRHa No.2 Type B Uniform - Modular_CN/FMM-YoRHa_No.2_Type_B_Uniform-Modular-EN_CN/FMM-2B_Uniform-Modular-EN_CN/2B_Uniform-Modular -02-01-ChestTransparent/胸衣-半透明_ChestTransparent/Addon_Nier_01_ChestTransparent_P.utoc",
            "file_name": "Addon_Nier_01_ChestTransparent_P.utoc"
          }
        ],
        "folder_path": ""
      },
      {
        "type": "mod_file",
        "area_mark": "ChestHide",
        "module_name": "ChestHide",
        "image_path": "I:/Workspace/YoRHa No.2 Type B Uniform - Modular_CN/FMM-YoRHa_No.2_Type_B_Uniform-Modular-EN_CN/FMM-2B_Uniform-Modular-EN_CN/2B_Uniform-Modular -02-02-HideChest/1_HideChest.jpg",
        "description": "ChestHide",
        "files": [
          {
            "file_path": "I:/Workspace/YoRHa No.2 Type B Uniform - Modular_CN/FMM-YoRHa_No.2_Type_B_Uniform-Modular-EN_CN/FMM-2B_Uniform-Modular-EN_CN/2B_Uniform-Modular -02-02-HideChest/胸衣-隐藏_HideChest/Addon_Nier_01_HideChest_P.pak",
            "file_name": "Addon_Nier_01_HideChest_P.pak"
          },
          {
            "file_path": "I:/Workspace/YoRHa No.2 Type B Uniform - Modular_CN/FMM-YoRHa_No.2_Type_B_Uniform-Modular-EN_CN/FMM-2B_Uniform-Modular-EN_CN/2B_Uniform-Modular -02-02-HideChest/胸衣-隐藏_HideChest/Addon_Nier_01_HideChest_P.ucas",
            "file_name": "Addon_Nier_01_HideChest_P.ucas"
          },
          {
            "file_path": "I:/Workspace/YoRHa No.2 Type B Uniform - Modular_CN/FMM-YoRHa_No.2_Type_B_Uniform-Modular-EN_CN/FMM-2B_Uniform-Modular-EN_CN/2B_Uniform-Modular -02-02-HideChest/胸衣-隐藏_HideChest/Addon_Nier_01_HideChest_P.utoc",
            "file_name": "Addon_Nier_01_HideChest_P.utoc"
          }
        ],
        "folder_path": ""
      }
    ],
    "block_order": [
      "cover_1",
      "warning_1",
      "separator_base files",
      "mod_file_base files",
      "separator_Chest",
      "mod_file_ChestTransparent",
      "mod_file_ChestHide"
    ]
  },
  {
    "build_info": {
      "build_time": "2025-07-15T14:01:58.485084",
      "output_path": "I:/Workspace/FMM_Creator_App/output\\2B Outfir MOD-release-20250715_1401.zip",
      "temp_dir": "I:\\Workspace\\FMM_Creator_App\\app\\.cache\\2B Outfir MOD-release-20250715_1401",
      "cache_dir": "I:\\Workspace\\FMM_Creator_App\\app\\.cache"
    },
    "mod_info": {
      "name": "2B Outfir MOD-release",
      "version": "1.0.0",
      "author": "Arjun520",
      "category": "Clothing"
    },
    "cover_block": {
      "image_path": "I:/Workspace/YoRHa No.2 Type B Uniform - Modular_CN/FMM-YoRHa_No.2_Type_B_Uniform-Modular-EN_CN/FMM-2B_Uniform-Modular-EN_CN/2B_Uniform-Modular -0- 0- Cover -0/0_cover.jpg",
      "description": "cover",
      "cover_tag": "1",
      "type": "cover"
    },
    "content_blocks": [
      {
        "type": "warning",
        "block_tag": "1",
        "image_path": "I:/Workspace/YoRHa No.2 Type B Uniform - Modular_CN/FMM-YoRHa_No.2_Type_B_Uniform-Modular-EN_CN/FMM-2B_Uniform-Modular-EN_CN/2B_Uniform-Modular -0- 1- Warning -0/0_cover.jpg",
        "description": "warning"
      },
      {
        "type": "separator",
        "separator_name": "base files"
      },
      {
        "type": "mod_file",
        "area_mark": "base files",
        "module_name": "base files",
        "image_path": "I:/Workspace/YoRHa No.2 Type B Uniform - Modular_CN/FMM-YoRHa_No.2_Type_B_Uniform-Modular-EN_CN/FMM-2B_Uniform-Modular-EN_CN/2B_Uniform-Modular -0- 2- basic files -0/basic_files.jpg",
        "description": "base files",
        "files": [
          {
            "file_path": "I:/Workspace/YoRHa No.2 Type B Uniform - Modular_CN/FMM-YoRHa_No.2_Type_B_Uniform-Modular-EN_CN/FMM-2B_Uniform-Modular-EN_CN/2B_Uniform-Modular -0- 2- basic files -0/Nier_01_Modular_Main_P.pak",
            "file_name": "Nier_01_Modular_Main_P.pak"
          },
          {
            "file_path": "I:/Workspace/YoRHa No.2 Type B Uniform - Modular_CN/FMM-YoRHa_No.2_Type_B_Uniform-Modular-EN_CN/FMM-2B_Uniform-Modular-EN_CN/2B_Uniform-Modular -0- 2- basic files -0/Nier_01_Modular_Main_P.ucas",
            "file_name": "Nier_01_Modular_Main_P.ucas"
          },
          {
            "file_path": "I:/Workspace/YoRHa No.2 Type B Uniform - Modular_CN/FMM-YoRHa_No.2_Type_B_Uniform-Modular-EN_CN/FMM-2B_Uniform-Modular-EN_CN/2B_Uniform-Modular -0- 2- basic files -0/Nier_01_Modular_Main_P.utoc",
            "file_name": "Nier_01_Modular_Main_P.utoc"
          },
          {
            "file_path": "I:/Workspace/YoRHa No.2 Type B Uniform - Modular_CN/FMM-YoRHa_No.2_Type_B_Uniform-Modular-EN_CN/FMM-2B_Uniform-Modular-EN_CN/2B_Uniform-Modular -0- 2- basic files -0/Nier_01_Modular_Materials_P.pak",
            "file_name": "Nier_01_Modular_Materials_P.pak"
          },
          {
            "file_path": "I:/Workspace/YoRHa No.2 Type B Uniform - Modular_CN/FMM-YoRHa_No.2_Type_B_Uniform-Modular-EN_CN/FMM-2B_Uniform-Modular-EN_CN/2B_Uniform-Modular -0- 2- basic files -0/Nier_01_Modular_Materials_P.ucas",
            "file_name": "Nier_01_Modular_Materials_P.ucas"
          },
          {
            "file_path": "I:/Workspace/YoRHa No.2 Type B Uniform - Modular_CN/FMM-YoRHa_No.2_Type_B_Uniform-Modular-EN_CN/FMM-2B_Uniform-Modular-EN_CN/2B_Uniform-Modular -0- 2- basic files -0/Nier_01_Modular_Materials_P.utoc",
            "file_name": "Nier_01_Modular_Materials_P.utoc"
          }
        ],
        "folder_path": ""
      },
      {
        "type": "separator",
        "separator_name": "Chest"
      },
      {
        "type": "mod_file",
        "area_mark": "ChestTransparent",
        "module_name": "ChestTransparent",
        "image_path": "I:/Workspace/YoRHa No.2 Type B Uniform - Modular_CN/FMM-YoRHa_No.2_Type_B_Uniform-Modular-EN_CN/FMM-2B_Uniform-Modular-EN_CN/2B_Uniform-Modular -02-01-ChestTransparent/1_ChestTransparent.jpg",
        "description": "ChestTransparent",
        "files": [
          {
            "file_path": "I:/Workspace/YoRHa No.2 Type B Uniform - Modular_CN/FMM-YoRHa_No.2_Type_B_Uniform-Modular-EN_CN/FMM-2B_Uniform-Modular-EN_CN/2B_Uniform-Modular -02-01-ChestTransparent/胸衣-半透明_ChestTransparent/Addon_Nier_01_ChestTransparent_P.pak",
            "file_name": "Addon_Nier_01_ChestTransparent_P.pak"
          },
          {
            "file_path": "I:/Workspace/YoRHa No.2 Type B Uniform - Modular_CN/FMM-YoRHa_No.2_Type_B_Uniform-Modular-EN_CN/FMM-2B_Uniform-Modular-EN_CN/2B_Uniform-Modular -02-01-ChestTransparent/胸衣-半透明_ChestTransparent/Addon_Nier_01_ChestTransparent_P.ucas",
            "file_name": "Addon_Nier_01_ChestTransparent_P.ucas"
          },
          {
            "file_path": "I:/Workspace/YoRHa No.2 Type B Uniform - Modular_CN/FMM-YoRHa_No.2_Type_B_Uniform-Modular-EN_CN/FMM-2B_Uniform-Modular-EN_CN/2B_Uniform-Modular -02-01-ChestTransparent/胸衣-半透明_ChestTransparent/Addon_Nier_01_ChestTransparent_P.utoc",
            "file_name": "Addon_Nier_01_ChestTransparent_P.utoc"
          }
        ],
        "folder_path": ""
      },
      {
        "type": "mod_file",
        "area_mark": "ChestHide",
        "module_name": "ChestHide",
        "image_path": "I:/Workspace/YoRHa No.2 Type B Uniform - Modular_CN/FMM-YoRHa_No.2_Type_B_Uniform-Modular-EN_CN/FMM-2B_Uniform-Modular-EN_CN/2B_Uniform-Modular -02-02-HideChest/1_HideChest.jpg",
        "description": "ChestHide",
        "files": [
          {
            "file_path": "I:/Workspace/YoRHa No.2 Type B Uniform - Modular_CN/FMM-YoRHa_No.2_Type_B_Uniform-Modular-EN_CN/FMM-2B_Uniform-Modular-EN_CN/2B_Uniform-Modular -02-02-HideChest/胸衣-隐藏_HideChest/Addon_Nier_01_HideChest_P.pak",
            "file_name": "Addon_Nier_01_HideChest_P.pak"
          },
          {
            "file_path": "I:/Workspace/YoRHa No.2 Type B Uniform - Modular_CN/FMM-YoRHa_No.2_Type_B_Uniform-Modular-EN_CN/FMM-2B_Uniform-Modular-EN_CN/2B_Uniform-Modular -02-02-HideChest/胸衣-隐藏_HideChest/Addon_Nier_01_HideChest_P.ucas",
            "file_name": "Addon_Nier_01_HideChest_P.ucas"
          },
          {
            "file_path": "I:/Workspace/YoRHa No.2 Type B Uniform - Modular_CN/FMM-YoRHa_No.2_Type_B_Uniform-Modular-EN_CN/FMM-2B_Uniform-Modular-EN_CN/2B_Uniform-Modular -02-02-HideChest/胸衣-隐藏_HideChest/Addon_Nier_01_HideChest_P.utoc",
            "file_name": "Addon_Nier_01_HideChest_P.utoc"
          }
        ],
        "folder_path": ""
      }
    ],
    "block_order": [
      "cover_1",
      "warning_1",
      "separator_base files",
      "mod_file_base files",
      "separator_Chest",
      "mod_file_ChestTransparent",
      "mod_file_ChestHide"
    ]
  },
  {
    "build_info": {
      "build_time": "2025-07-15T14:01:58.485084",
      "output_path": "I:/Workspace/FMM_Creator_App/output\\2B Outfir MOD-release-20250715_1401.zip",
      "temp_dir": "I:\\Workspace\\FMM_Creator_App\\app\\.cache\\2B Outfir MOD-release-20250715_1401",
      "cache_dir": "I:\\Workspace\\FMM_Creator_App\\app\\.cache"
    },
    "mod_info": {
      "name": "2B Outfir MOD-release",
      "version": "1.0.0",
      "author": "Arjun520",
      "category": "Clothing"
    },
    "cover_block": {
      "image_path": "I:/Workspace/YoRHa No.2 Type B Uniform - Modular_CN/FMM-YoRHa_No.2_Type_B_Uniform-Modular-EN_CN/FMM-2B_Uniform-Modular-EN_CN/2B_Uniform-Modular -0- 0- Cover -0/0_cover.jpg",
      "description": "cover",
      "cover_tag": "1",
      "type": "cover"
    },
    "content_blocks": [
      {
        "type": "warning",
        "block_tag": "1",
        "image_path": "I:/Workspace/YoRHa No.2 Type B Uniform - Modular_CN/FMM-YoRHa_No.2_Type_B_Uniform-Modular-EN_CN/FMM-2B_Uniform-Modular-EN_CN/2B_Uniform-Modular -0- 1- Warning -0/0_cover.jpg",
        "description": "warning"
      },
      {
        "type": "separator",
        "separator_name": "base files"
      },
      {
        "type": "mod_file",
        "area_mark": "base files",
        "module_name": "base files",
        "image_path": "I:/Workspace/YoRHa No.2 Type B Uniform - Modular_CN/FMM-YoRHa_No.2_Type_B_Uniform-Modular-EN_CN/FMM-2B_Uniform-Modular-EN_CN/2B_Uniform-Modular -0- 2- basic files -0/basic_files.jpg",
        "description": "base files",
        "files": [
          {
            "file_path": "I:/Workspace/YoRHa No.2 Type B Uniform - Modular_CN/FMM-YoRHa_No.2_Type_B_Uniform-Modular-EN_CN/FMM-2B_Uniform-Modular-EN_CN/2B_Uniform-Modular -0- 2- basic files -0/Nier_01_Modular_Main_P.pak",
            "file_name": "Nier_01_Modular_Main_P.pak"
          },
          {
            "file_path": "I:/Workspace/YoRHa No.2 Type B Uniform - Modular_CN/FMM-YoRHa_No.2_Type_B_Uniform-Modular-EN_CN/FMM-2B_Uniform-Modular-EN_CN/2B_Uniform-Modular -0- 2- basic files -0/Nier_01_Modular_Main_P.ucas",
            "file_name": "Nier_01_Modular_Main_P.ucas"
          },
          {
            "file_path": "I:/Workspace/YoRHa No.2 Type B Uniform - Modular_CN/FMM-YoRHa_No.2_Type_B_Uniform-Modular-EN_CN/FMM-2B_Uniform-Modular-EN_CN/2B_Uniform-Modular -0- 2- basic files -0/Nier_01_Modular_Main_P.utoc",
            "file_name": "Nier_01_Modular_Main_P.utoc"
          },
          {
            "file_path": "I:/Workspace/YoRHa No.2 Type B Uniform - Modular_CN/FMM-YoRHa_No.2_Type_B_Uniform-Modular-EN_CN/FMM-2B_Uniform-Modular-EN_CN/2B_Uniform-Modular -0- 2- basic files -0/Nier_01_Modular_Materials_P.pak",
            "file_name": "Nier_01_Modular_Materials_P.pak"
          },
          {
            "file_path": "I:/Workspace/YoRHa No.2 Type B Uniform - Modular_CN/FMM-YoRHa_No.2_Type_B_Uniform-Modular-EN_CN/FMM-2B_Uniform-Modular-EN_CN/2B_Uniform-Modular -0- 2- basic files -0/Nier_01_Modular_Materials_P.ucas",
            "file_name": "Nier_01_Modular_Materials_P.ucas"
          },
          {
            "file_path": "I:/Workspace/YoRHa No.2 Type B Uniform - Modular_CN/FMM-YoRHa_No.2_Type_B_Uniform-Modular-EN_CN/FMM-2B_Uniform-Modular-EN_CN/2B_Uniform-Modular -0- 2- basic files -0/Nier_01_Modular_Materials_P.utoc",
            "file_name": "Nier_01_Modular_Materials_P.utoc"
          }
        ],
        "folder_path": ""
      },
      {
        "type": "separator",
        "separator_name": "Chest"
      },
      {
        "type": "mod_file",
        "area_mark": "ChestTransparent",
        "module_name": "ChestTransparent",
        "image_path": "I:/Workspace/YoRHa No.2 Type B Uniform - Modular_CN/FMM-YoRHa_No.2_Type_B_Uniform-Modular-EN_CN/FMM-2B_Uniform-Modular-EN_CN/2B_Uniform-Modular -02-01-ChestTransparent/1_ChestTransparent.jpg",
        "description": "ChestTransparent",
        "files": [
          {
            "file_path": "I:/Workspace/YoRHa No.2 Type B Uniform - Modular_CN/FMM-YoRHa_No.2_Type_B_Uniform-Modular-EN_CN/FMM-2B_Uniform-Modular-EN_CN/2B_Uniform-Modular -02-01-ChestTransparent/胸衣-半透明_ChestTransparent/Addon_Nier_01_ChestTransparent_P.pak",
            "file_name": "Addon_Nier_01_ChestTransparent_P.pak"
          },
          {
            "file_path": "I:/Workspace/YoRHa No.2 Type B Uniform - Modular_CN/FMM-YoRHa_No.2_Type_B_Uniform-Modular-EN_CN/FMM-2B_Uniform-Modular-EN_CN/2B_Uniform-Modular -02-01-ChestTransparent/胸衣-半透明_ChestTransparent/Addon_Nier_01_ChestTransparent_P.ucas",
            "file_name": "Addon_Nier_01_ChestTransparent_P.ucas"
          },
          {
            "file_path": "I:/Workspace/YoRHa No.2 Type B Uniform - Modular_CN/FMM-YoRHa_No.2_Type_B_Uniform-Modular-EN_CN/FMM-2B_Uniform-Modular-EN_CN/2B_Uniform-Modular -02-01-ChestTransparent/胸衣-半透明_ChestTransparent/Addon_Nier_01_ChestTransparent_P.utoc",
            "file_name": "Addon_Nier_01_ChestTransparent_P.utoc"
          }
        ],
        "folder_path": ""
      },
      {
        "type": "mod_file",
        "area_mark": "ChestHide",
        "module_name": "ChestHide",
        "image_path": "I:/Workspace/YoRHa No.2 Type B Uniform - Modular_CN/FMM-YoRHa_No.2_Type_B_Uniform-Modular-EN_CN/FMM-2B_Uniform-Modular-EN_CN/2B_Uniform-Modular -02-02-HideChest/1_HideChest.jpg",
        "description": "ChestHide",
        "files": [
          {
            "file_path": "I:/Workspace/YoRHa No.2 Type B Uniform - Modular_CN/FMM-YoRHa_No.2_Type_B_Uniform-Modular-EN_CN/FMM-2B_Uniform-Modular-EN_CN/2B_Uniform-Modular -02-02-HideChest/胸衣-隐藏_HideChest/Addon_Nier_01_HideChest_P.pak",
            "file_name": "Addon_Nier_01_HideChest_P.pak"
          },
          {
            "file_path": "I:/Workspace/YoRHa No.2 Type B Uniform - Modular_CN/FMM-YoRHa_No.2_Type_B_Uniform-Modular-EN_CN/FMM-2B_Uniform-Modular-EN_CN/2B_Uniform-Modular -02-02-HideChest/胸衣-隐藏_HideChest/Addon_Nier_01_HideChest_P.ucas",
            "file_name": "Addon_Nier_01_HideChest_P.ucas"
          },
          {
            "file_path": "I:/Workspace/YoRHa No.2 Type B Uniform - Modular_CN/FMM-YoRHa_No.2_Type_B_Uniform-Modular-EN_CN/FMM-2B_Uniform-Modular-EN_CN/2B_Uniform-Modular -02-02-HideChest/胸衣-隐藏_HideChest/Addon_Nier_01_HideChest_P.utoc",
            "file_name": "Addon_Nier_01_HideChest_P.utoc"
          }
        ],
        "folder_path": ""
      }
    ],
    "block_order": [
      "cover_1",
      "warning_1",
      "separator_base files",
      "mod_file_base files",
      "separator_Chest",
      "mod_file_ChestTransparent",
      "mod_file_ChestHide"
    ]
  },
  {
    "build_info": {
      "build_time": "2025-07-15T14:01:58.485084",
      "output_path": "I:/Workspace/FMM_Creator_App/output\\2B Outfir MOD-release-20250715_1401.zip",
      "temp_dir": "I:\\Workspace\\FMM_Creator_App\\app\\.cache\\2B Outfir MOD-release-20250715_1401",
      "cache_dir": "I:\\Workspace\\FMM_Creator_App\\app\\.cache"
    },
    "mod_info": {
      "name": "2B Outfir MOD-release",
      "version": "1.0.0",
      "author": "Arjun520",
      "category": "Clothing"
    },
    "cover_block": {
      "image_path": "I:/Workspace/YoRHa No.2 Type B Uniform - Modular_CN/FMM-YoRHa_No.2_Type_B_Uniform-Modular-EN_CN/FMM-2B_Uniform-Modular-EN_CN/2B_Uniform-Modular -0- 0- Cover -0/0_cover.jpg",
      "description": "cover",
      "cover_tag": "1",
      "type": "cover"
    },
    "content_blocks": [
      {
        "type": "warning",
        "block_tag": "1",
        "image_path": "I:/Workspace/YoRHa No.2 Type B Uniform - Modular_CN/FMM-YoRHa_No.2_Type_B_Uniform-Modular-EN_CN/FMM-2B_Uniform-Modular-EN_CN/2B_Uniform-Modular -0- 1- Warning -0/0_cover.jpg",
        "description": "warning"
      },
      {
        "type": "separator",
        "separator_name": "base files"
      },
      {
        "type": "mod_file",
        "area_mark": "base files",
        "module_name": "base files",
        "image_path": "I:/Workspace/YoRHa No.2 Type B Uniform - Modular_CN/FMM-YoRHa_No.2_Type_B_Uniform-Modular-EN_CN/FMM-2B_Uniform-Modular-EN_CN/2B_Uniform-Modular -0- 2- basic files -0/basic_files.jpg",
        "description": "base files",
        "files": [
          {
            "file_path": "I:/Workspace/YoRHa No.2 Type B Uniform - Modular_CN/FMM-YoRHa_No.2_Type_B_Uniform-Modular-EN_CN/FMM-2B_Uniform-Modular-EN_CN/2B_Uniform-Modular -0- 2- basic files -0/Nier_01_Modular_Main_P.pak",
            "file_name": "Nier_01_Modular_Main_P.pak"
          },
          {
            "file_path": "I:/Workspace/YoRHa No.2 Type B Uniform - Modular_CN/FMM-YoRHa_No.2_Type_B_Uniform-Modular-EN_CN/FMM-2B_Uniform-Modular-EN_CN/2B_Uniform-Modular -0- 2- basic files -0/Nier_01_Modular_Main_P.ucas",
            "file_name": "Nier_01_Modular_Main_P.ucas"
          },
          {
            "file_path": "I:/Workspace/YoRHa No.2 Type B Uniform - Modular_CN/FMM-YoRHa_No.2_Type_B_Uniform-Modular-EN_CN/FMM-2B_Uniform-Modular-EN_CN/2B_Uniform-Modular -0- 2- basic files -0/Nier_01_Modular_Main_P.utoc",
            "file_name": "Nier_01_Modular_Main_P.utoc"
          },
          {
            "file_path": "I:/Workspace/YoRHa No.2 Type B Uniform - Modular_CN/FMM-YoRHa_No.2_Type_B_Uniform-Modular-EN_CN/FMM-2B_Uniform-Modular-EN_CN/2B_Uniform-Modular -0- 2- basic files -0/Nier_01_Modular_Materials_P.pak",
            "file_name": "Nier_01_Modular_Materials_P.pak"
          },
          {
            "file_path": "I:/Workspace/YoRHa No.2 Type B Uniform - Modular_CN/FMM-YoRHa_No.2_Type_B_Uniform-Modular-EN_CN/FMM-2B_Uniform-Modular-EN_CN/2B_Uniform-Modular -0- 2- basic files -0/Nier_01_Modular_Materials_P.ucas",
            "file_name": "Nier_01_Modular_Materials_P.ucas"
          },
          {
            "file_path": "I:/Workspace/YoRHa No.2 Type B Uniform - Modular_CN/FMM-YoRHa_No.2_Type_B_Uniform-Modular-EN_CN/FMM-2B_Uniform-Modular-EN_CN/2B_Uniform-Modular -0- 2- basic files -0/Nier_01_Modular_Materials_P.utoc",
            "file_name": "Nier_01_Modular_Materials_P.utoc"
          }
        ],
        "folder_path": ""
      },
      {
        "type": "separator",
        "separator_name": "Chest"
      },
      {
        "type": "mod_file",
        "area_mark": "ChestTransparent",
        "module_name": "ChestTransparent",
        "image_path": "I:/Workspace/YoRHa No.2 Type B Uniform - Modular_CN/FMM-YoRHa_No.2_Type_B_Uniform-Modular-EN_CN/FMM-2B_Uniform-Modular-EN_CN/2B_Uniform-Modular -02-01-ChestTransparent/1_ChestTransparent.jpg",
        "description": "ChestTransparent",
        "files": [
          {
            "file_path": "I:/Workspace/YoRHa No.2 Type B Uniform - Modular_CN/FMM-YoRHa_No.2_Type_B_Uniform-Modular-EN_CN/FMM-2B_Uniform-Modular-EN_CN/2B_Uniform-Modular -02-01-ChestTransparent/胸衣-半透明_ChestTransparent/Addon_Nier_01_ChestTransparent_P.pak",
            "file_name": "Addon_Nier_01_ChestTransparent_P.pak"
          },
          {
            "file_path": "I:/Workspace/YoRHa No.2 Type B Uniform - Modular_CN/FMM-YoRHa_No.2_Type_B_Uniform-Modular-EN_CN/FMM-2B_Uniform-Modular-EN_CN/2B_Uniform-Modular -02-01-ChestTransparent/胸衣-半透明_ChestTransparent/Addon_Nier_01_ChestTransparent_P.ucas",
            "file_name": "Addon_Nier_01_ChestTransparent_P.ucas"
          },
          {
            "file_path": "I:/Workspace/YoRHa No.2 Type B Uniform - Modular_CN/FMM-YoRHa_No.2_Type_B_Uniform-Modular-EN_CN/FMM-2B_Uniform-Modular-EN_CN/2B_Uniform-Modular -02-01-ChestTransparent/胸衣-半透明_ChestTransparent/Addon_Nier_01_ChestTransparent_P.utoc",
            "file_name": "Addon_Nier_01_ChestTransparent_P.utoc"
          }
        ],
        "folder_path": ""
      },
      {
        "type": "mod_file",
        "area_mark": "ChestHide",
        "module_name": "ChestHide",
        "image_path": "I:/Workspace/YoRHa No.2 Type B Uniform - Modular_CN/FMM-YoRHa_No.2_Type_B_Uniform-Modular-EN_CN/FMM-2B_Uniform-Modular-EN_CN/2B_Uniform-Modular -02-02-HideChest/1_HideChest.jpg",
        "description": "ChestHide",
        "files": [
          {
            "file_path": "I:/Workspace/YoRHa No.2 Type B Uniform - Modular_CN/FMM-YoRHa_No.2_Type_B_Uniform-Modular-EN_CN/FMM-2B_Uniform-Modular-EN_CN/2B_Uniform-Modular -02-02-HideChest/胸衣-隐藏_HideChest/Addon_Nier_01_HideChest_P.pak",
            "file_name": "Addon_Nier_01_HideChest_P.pak"
          },
          {
            "file_path": "I:/Workspace/YoRHa No.2 Type B Uniform - Modular_CN/FMM-YoRHa_No.2_Type_B_Uniform-Modular-EN_CN/FMM-2B_Uniform-Modular-EN_CN/2B_Uniform-Modular -02-02-HideChest/胸衣-隐藏_HideChest/Addon_Nier_01_HideChest_P.ucas",
            "file_name": "Addon_Nier_01_HideChest_P.ucas"
          },
          {
            "file_path": "I:/Workspace/YoRHa No.2 Type B Uniform - Modular_CN/FMM-YoRHa_No.2_Type_B_Uniform-Modular-EN_CN/FMM-2B_Uniform-Modular-EN_CN/2B_Uniform-Modular -02-02-HideChest/胸衣-隐藏_HideChest/Addon_Nier_01_HideChest_P.utoc",
            "file_name": "Addon_Nier_01_HideChest_P.utoc"
          }
        ],
        "folder_path": ""
      }
    ],
    "block_order": [
      "cover_1",
      "warning_1",
      "separator_base files",
      "mod_file_base files",
      "separator_Chest",
      "mod_file_ChestTransparent",
      "mod_file_ChestHide"
    ]
  },
  {
    "build_info": {
      "build_time": "2025-07-15T14:01:58.485084",
      "output_path": "I:/Workspace/FMM_Creator_App/output\\2B Outfir MOD-release-20250715_1401.zip",
      "temp_dir": "I:\\Workspace\\FMM_Creator_App\\app\\.cache\\2B Outfir MOD-release-20250715_1401",
      "cache_dir": "I:\\Workspace\\FMM_Creator_App\\app\\.cache"
    },
    "mod_info": {
      "name": "2B Outfir MOD-release",
      "version": "1.0.0",
      "author": "Arjun520",
      "category": "Clothing"
    },
    "cover_block": {
      "image_path": "I:/Workspace/YoRHa No.2 Type B Uniform - Modular_CN/FMM-YoRHa_No.2_Type_B_Uniform-Modular-EN_CN/FMM-2B_Uniform-Modular-EN_CN/2B_Uniform-Modular -0- 0- Cover -0/0_cover.jpg",
      "description": "cover",
      "cover_tag": "1",
      "type": "cover"
    },
    "content_blocks": [
      {
        "type": "warning",
        "block_tag": "1",
        "image_path": "I:/Workspace/YoRHa No.2 Type B Uniform - Modular_CN/FMM-YoRHa_No.2_Type_B_Uniform-Modular-EN_CN/FMM-2B_Uniform-Modular-EN_CN/2B_Uniform-Modular -0- 1- Warning -0/0_cover.jpg",
        "description": "warning"
      },
      {
        "type": "separator",
        "separator_name": "base files"
      },
      {
        "type": "mod_file",
        "area_mark": "base files",
        "module_name": "base files",
        "image_path": "I:/Workspace/YoRHa No.2 Type B Uniform - Modular_CN/FMM-YoRHa_No.2_Type_B_Uniform-Modular-EN_CN/FMM-2B_Uniform-Modular-EN_CN/2B_Uniform-Modular -0- 2- basic files -0/basic_files.jpg",
        "description": "base files",
        "files": [
          {
            "file_path": "I:/Workspace/YoRHa No.2 Type B Uniform - Modular_CN/FMM-YoRHa_No.2_Type_B_Uniform-Modular-EN_CN/FMM-2B_Uniform-Modular-EN_CN/2B_Uniform-Modular -0- 2- basic files -0/Nier_01_Modular_Main_P.pak",
            "file_name": "Nier_01_Modular_Main_P.pak"
          },
          {
            "file_path": "I:/Workspace/YoRHa No.2 Type B Uniform - Modular_CN/FMM-YoRHa_No.2_Type_B_Uniform-Modular-EN_CN/FMM-2B_Uniform-Modular-EN_CN/2B_Uniform-Modular -0- 2- basic files -0/Nier_01_Modular_Main_P.ucas",
            "file_name": "Nier_01_Modular_Main_P.ucas"
          },
          {
            "file_path": "I:/Workspace/YoRHa No.2 Type B Uniform - Modular_CN/FMM-YoRHa_No.2_Type_B_Uniform-Modular-EN_CN/FMM-2B_Uniform-Modular-EN_CN/2B_Uniform-Modular -0- 2- basic files -0/Nier_01_Modular_Main_P.utoc",
            "file_name": "Nier_01_Modular_Main_P.utoc"
          },
          {
            "file_path": "I:/Workspace/YoRHa No.2 Type B Uniform - Modular_CN/FMM-YoRHa_No.2_Type_B_Uniform-Modular-EN_CN/FMM-2B_Uniform-Modular-EN_CN/2B_Uniform-Modular -0- 2- basic files -0/Nier_01_Modular_Materials_P.pak",
            "file_name": "Nier_01_Modular_Materials_P.pak"
          },
          {
            "file_path": "I:/Workspace/YoRHa No.2 Type B Uniform - Modular_CN/FMM-YoRHa_No.2_Type_B_Uniform-Modular-EN_CN/FMM-2B_Uniform-Modular-EN_CN/2B_Uniform-Modular -0- 2- basic files -0/Nier_01_Modular_Materials_P.ucas",
            "file_name": "Nier_01_Modular_Materials_P.ucas"
          },
          {
            "file_path": "I:/Workspace/YoRHa No.2 Type B Uniform - Modular_CN/FMM-YoRHa_No.2_Type_B_Uniform-Modular-EN_CN/FMM-2B_Uniform-Modular-EN_CN/2B_Uniform-Modular -0- 2- basic files -0/Nier_01_Modular_Materials_P.utoc",
            "file_name": "Nier_01_Modular_Materials_P.utoc"
          }
        ],
        "folder_path": ""
      },
      {
        "type": "separator",
        "separator_name": "Chest"
      },
      {
        "type": "mod_file",
        "area_mark": "ChestTransparent",
        "module_name": "ChestTransparent",
        "image_path": "I:/Workspace/YoRHa No.2 Type B Uniform - Modular_CN/FMM-YoRHa_No.2_Type_B_Uniform-Modular-EN_CN/FMM-2B_Uniform-Modular-EN_CN/2B_Uniform-Modular -02-01-ChestTransparent/1_ChestTransparent.jpg",
        "description": "ChestTransparent",
        "files": [
          {
            "file_path": "I:/Workspace/YoRHa No.2 Type B Uniform - Modular_CN/FMM-YoRHa_No.2_Type_B_Uniform-Modular-EN_CN/FMM-2B_Uniform-Modular-EN_CN/2B_Uniform-Modular -02-01-ChestTransparent/胸衣-半透明_ChestTransparent/Addon_Nier_01_ChestTransparent_P.pak",
            "file_name": "Addon_Nier_01_ChestTransparent_P.pak"
          },
          {
            "file_path": "I:/Workspace/YoRHa No.2 Type B Uniform - Modular_CN/FMM-YoRHa_No.2_Type_B_Uniform-Modular-EN_CN/FMM-2B_Uniform-Modular-EN_CN/2B_Uniform-Modular -02-01-ChestTransparent/胸衣-半透明_ChestTransparent/Addon_Nier_01_ChestTransparent_P.ucas",
            "file_name": "Addon_Nier_01_ChestTransparent_P.ucas"
          },
          {
            "file_path": "I:/Workspace/YoRHa No.2 Type B Uniform - Modular_CN/FMM-YoRHa_No.2_Type_B_Uniform-Modular-EN_CN/FMM-2B_Uniform-Modular-EN_CN/2B_Uniform-Modular -02-01-ChestTransparent/胸衣-半透明_ChestTransparent/Addon_Nier_01_ChestTransparent_P.utoc",
            "file_name": "Addon_Nier_01_ChestTransparent_P.utoc"
          }
        ],
        "folder_path": ""
      },
      {
        "type": "mod_file",
        "area_mark": "ChestHide",
        "module_name": "ChestHide",
        "image_path": "I:/Workspace/YoRHa No.2 Type B Uniform - Modular_CN/FMM-YoRHa_No.2_Type_B_Uniform-Modular-EN_CN/FMM-2B_Uniform-Modular-EN_CN/2B_Uniform-Modular -02-02-HideChest/1_HideChest.jpg",
        "description": "ChestHide",
        "files": [
          {
            "file_path": "I:/Workspace/YoRHa No.2 Type B Uniform - Modular_CN/FMM-YoRHa_No.2_Type_B_Uniform-Modular-EN_CN/FMM-2B_Uniform-Modular-EN_CN/2B_Uniform-Modular -02-02-HideChest/胸衣-隐藏_HideChest/Addon_Nier_01_HideChest_P.pak",
            "file_name": "Addon_Nier_01_HideChest_P.pak"
          },
          {
            "file_path": "I:/Workspace/YoRHa No.2 Type B Uniform - Modular_CN/FMM-YoRHa_No.2_Type_B_Uniform-Modular-EN_CN/FMM-2B_Uniform-Modular-EN_CN/2B_Uniform-Modular -02-02-HideChest/胸衣-隐藏_HideChest/Addon_Nier_01_HideChest_P.ucas",
            "file_name": "Addon_Nier_01_HideChest_P.ucas"
          },
          {
            "file_path": "I:/Workspace/YoRHa No.2 Type B Uniform - Modular_CN/FMM-YoRHa_No.2_Type_B_Uniform-Modular-EN_CN/FMM-2B_Uniform-Modular-EN_CN/2B_Uniform-Modular -02-02-HideChest/胸衣-隐藏_HideChest/Addon_Nier_01_HideChest_P.utoc",
            "file_name": "Addon_Nier_01_HideChest_P.utoc"
          }
        ],
        "folder_path": ""
      }
    ],
    "block_order": [
      "cover_1",
      "warning_1",
      "separator_base files",
      "mod_file_base files",
      "separator_Chest",
      "mod_file_ChestTransparent",
      "mod_file_ChestHide"
    ]
  }
]